,Logistic regression,Decision tree,XGBoost
0,2.2084679129766473e-12,0.23129251700680273,0.12657712
1,4.1448692759340094e-14,0.5375,0.2630365
2,0.04848115587155851,0.35585585585585583,0.09100857
3,0.8672947334719843,0.3542074363992172,0.14718927
4,1.3623990794521783e-126,0.41124260355029585,0.47093442
5,1.121722323847954e-265,0.35585585585585583,0.0306568
6,3.858447118480961e-47,0.10773480662983426,0.19579624
7,6.081963599936667e-88,0.35585585585585583,0.3664296
8,3.0935336017760734e-102,0.14705882352941177,0.11022422
9,1.124122805992584e-79,0.0481283422459893,0.07321903
10,2.663561094674975e-109,0.3184584178498986,0.79008365
11,0.9899686780521535,0.3542074363992172,0.4376302
12,0.9999999999999996,0.42424242424242425,0.24083027
13,3.0251346854043682e-27,0.23129251700680273,0.33798447
14,8.961306368885144e-260,0.14035087719298245,0.06786067
15,0.9977770092567533,0.23129251700680273,0.3085825
16,2.6745430607789517e-33,0.23129251700680273,0.3408128
17,2.0439650159047534e-133,0.42424242424242425,0.54961133
18,5.385318680288685e-278,0.3184584178498986,0.38272178
19,5.836651993210627e-189,0.03943217665615142,0.04660431
20,6.665563776993036e-234,0.03943217665615142,0.07641349
21,1.610623965577418e-07,0.42424242424242425,0.62001926
22,7.198917765356561e-177,0.03943217665615142,0.036980025
23,4.744445118732919e-26,0.23129251700680273,0.16944909
24,1.8225364850437056e-82,0.3184584178498986,0.6677659
25,1.737454920960391e-56,0.41124260355029585,0.4954338
26,9.954702935191813e-72,0.23129251700680273,0.3147297
27,2.755672237679478e-159,0.10773480662983426,0.030446228
28,3.62397107630884e-122,0.3184584178498986,0.61775833
29,6.2095960816634075e-112,0.01466275659824047,0.010243166
30,1.0830061854800348e-204,0.3184584178498986,0.09465988
31,2.5200351425885024e-189,0.3184584178498986,0.6199547
32,2.482397576591293e-14,0.10773480662983426,0.038454324
33,3.6720642848534467e-82,0.35585585585585583,0.4882082
34,8.947054734910461e-184,0.125,0.0670055
35,1.08698502045023e-19,0.3542074363992172,0.3768767
36,5.710079989231728e-101,0.7522935779816514,0.80773383
37,2.7186737067869777e-14,0.10773480662983426,0.037052717
38,6.774800489062674e-177,0.35585585585585583,0.13640557
39,5.145928625685721e-11,0.3542074363992172,0.3389839
40,3.2704738411877776e-157,0.23129251700680273,0.13324551
41,9.652527082784227e-68,0.41124260355029585,0.55218023
42,1.695890710098606e-119,0.0481283422459893,0.051899944
43,2.062046542425526e-190,0.03943217665615142,0.04556634
44,2.624483230190706e-26,0.3542074363992172,0.08673731
45,2.4834579814501456e-156,0.03943217665615142,0.036500767
46,6.133594202079354e-61,0.7522935779816514,0.8975385
47,5.88694735952113e-43,0.5375,0.60169417
48,1.1598625606890447e-80,0.23129251700680273,0.36420166
49,4.337828110234773e-38,0.35585585585585583,0.049143042
50,0.018407609109564013,0.3542074363992172,0.31655064
51,0.00010389968982916196,0.5375,0.3993678
52,0.9994232039219436,0.3945945945945946,0.2573122
53,9.150579035956944e-134,0.6274509803921569,0.6344378
54,0.9999999993692674,0.3542074363992172,0.23186812
55,1.8401118470143248e-107,0.23129251700680273,0.3822346
56,0.9999960595372863,0.3542074363992172,0.22197343
57,1.1280272493349781e-114,0.14705882352941177,0.1520309
58,1.7235405615304868e-87,0.01466275659824047,0.03061026
59,1.0889344684461386e-68,0.6274509803921569,0.6465854
60,1.0007813056500434e-08,0.3542074363992172,0.413809
61,1.2536162851245612e-120,0.42424242424242425,0.5393863
62,8.618378483502464e-93,0.01466275659824047,0.026104903
63,1.3680799837286595e-05,0.3945945945945946,0.5333719
64,3.894216794769611e-122,0.42424242424242425,0.7038371
65,4.788543935643601e-98,0.41124260355029585,0.18852954
66,9.002381768895901e-120,0.08661417322834646,0.054695006
67,1.8909254386450865e-219,0.3184584178498986,0.13941024
68,1.0,0.3542074363992172,0.14770141
69,8.577441039019589e-166,0.3184584178498986,0.14153838
70,7.775182010791208e-132,0.0481283422459893,0.06973653
71,2.5622000056096937e-161,0.14035087719298245,0.27082458
72,6.46975959033238e-103,0.0481283422459893,0.025333043
73,8.658578299786147e-19,0.23129251700680273,0.28893363
74,2.10132691860329e-182,0.42424242424242425,0.14076081
75,1.0,0.23129251700680273,0.40195808
76,3.2703089904352136e-135,0.42424242424242425,0.47385737
77,2.352310296162827e-215,0.42424242424242425,0.4374061
78,4.8997970108141345e-40,0.35585585585585583,0.11524659
79,6.790422917379618e-123,0.23129251700680273,0.21943294
80,0.2305539289208428,0.01466275659824047,0.091635056
81,1.4080923437384038e-09,0.5375,0.5520949
82,5.6947527353231646e-210,0.42424242424242425,0.20124264
83,0.9987946358745868,0.3542074363992172,0.5098426
84,0.9999983325839185,0.09803921568627451,0.05883257
85,1.184965264007396e-162,0.3184584178498986,0.25268885
86,3.0023060578882126e-139,0.3184584178498986,0.16908364
87,6.399921179247033e-95,0.0481283422459893,0.04617976
88,1.648587394235273e-268,0.14705882352941177,0.04593851
89,1.0,0.3542074363992172,0.6270339
90,1.0338452676947229e-55,0.3542074363992172,0.4707636
91,2.0814755423251472e-24,0.3542074363992172,0.17151175
92,1.0,0.09803921568627451,0.20410004
93,0.9999999999999969,0.3542074363992172,0.8285556
94,0.9858154764353939,0.35585585585585583,0.6131014
95,7.870730205021495e-182,0.3184584178498986,0.22131874
96,1.0,0.3542074363992172,0.51296884
97,5.506998191695927e-140,0.41124260355029585,0.47466534
98,3.182756950052341e-161,0.3184584178498986,0.32622632
99,1.6210249016752674e-93,0.3184584178498986,0.17854498
100,9.808784986925419e-210,0.10773480662983426,0.07946235
101,3.6884160879198078e-90,0.01466275659824047,0.06484394
102,1.7361771409398814e-296,0.42424242424242425,0.239886
103,0.3260272714069106,0.7522935779816514,0.7961869
104,2.548128957562943e-211,0.42424242424242425,0.6403706
105,1.1069238462166156e-16,0.10773480662983426,0.057918902
106,1.2324105048091098e-121,0.23129251700680273,0.053488508
107,0.9999991056310079,0.5375,0.86874664
108,5.0008684976575635e-19,0.08661417322834646,0.117714286
109,4.355472386520647e-59,0.23129251700680273,0.09658078
110,2.2836902513073738e-166,0.03943217665615142,0.051780146
111,1.8665207394542014e-53,0.8611111111111112,0.7438355
112,2.677592698593181e-09,0.23129251700680273,0.119454265
113,3.0272860315935714e-24,0.42424242424242425,0.21270722
114,1.0,0.3542074363992172,0.66141474
115,7.736282203072064e-20,0.23129251700680273,0.47555318
116,4.161296618496782e-08,0.10773480662983426,0.28301385
117,0.9999999999696902,0.3542074363992172,0.3568856
118,3.5983331676006217e-181,0.3184584178498986,0.33037353
119,1.0,0.3542074363992172,0.59933764
120,1.0,0.3542074363992172,0.5626055
121,2.8881515444012526e-120,0.3184584178498986,0.3063057
122,0.0,0.6274509803921569,0.42471874
123,5.174482489096672e-18,0.35585585585585583,0.2594096
124,9.463077572733145e-149,0.3184584178498986,0.15708216
125,1.1454847421180817e-73,0.42424242424242425,0.4427287
126,3.686755634872312e-28,0.35585585585585583,0.26503217
127,1.4374368987433134e-100,0.0481283422459893,0.09390257
128,1.4899580170359945e-135,0.23129251700680273,0.42698678
129,1.3498607989145326e-119,0.41124260355029585,0.07539675
130,1.558555261105787e-43,0.3945945945945946,0.45005542
131,4.0627907857510366e-42,0.3542074363992172,0.3551718
132,2.096339199625873e-75,0.6274509803921569,0.4507965
133,2.853107849255508e-12,0.42424242424242425,0.6975807
134,3.1005101457601114e-134,0.03943217665615142,0.53301483
135,8.693867022799286e-98,0.14705882352941177,0.43326363
136,1.0765589829502838e-209,0.42424242424242425,0.29305255
137,1.82211641794067e-181,0.03943217665615142,0.08435128
138,1.0747381897234684e-50,0.3945945945945946,0.21592504
139,0.9999999999591176,0.10773480662983426,0.32055008
140,1.843396351984136e-195,0.125,0.039213255
141,2.0677654853872267e-33,0.8611111111111112,0.55073345
142,1.588767943610742e-23,0.3542074363992172,0.5341132
143,3.16008706907354e-84,0.3542074363992172,0.46533722
144,6.989073028297685e-57,0.08661417322834646,0.234245
145,2.532007418796777e-128,0.40869565217391307,0.1393612
146,1.0,0.23129251700680273,0.436183
147,1.4322479599533622e-09,0.5375,0.6624427
148,2.4547644516571217e-165,0.03943217665615142,0.18977958
149,1.136270745985937e-212,0.3184584178498986,0.16266741
150,1.1489425231651815e-97,0.23129251700680273,0.28860426
151,5.338224200187511e-130,0.42424242424242425,0.57197934
152,3.673008031034647e-216,0.14035087719298245,0.051709868
153,1.962157124747087e-68,0.01466275659824047,0.0873543
154,1.0,0.0481283422459893,0.068770245
155,4.051600905959982e-172,0.03943217665615142,0.025060227
156,2.5197392135906496e-205,0.42424242424242425,0.071724676
157,1.1201976623828877e-70,0.35585585585585583,0.10236271
158,4.318490939218761e-169,0.03943217665615142,0.049241275
159,0.0,0.03943217665615142,0.06631672
160,3.6731632281001554e-118,0.41124260355029585,0.22382165
161,7.577210245394963e-103,0.3184584178498986,0.5646602
162,1.1756254208838042e-177,0.7522935779816514,0.44150266
163,0.9997380795283883,0.09803921568627451,0.09761388
164,2.5198996829323186e-118,0.35585585585585583,0.3775075
165,1.0,0.35585585585585583,0.16378708
166,0.0,0.03943217665615142,0.15782888
167,1.27444043180278e-93,0.0481283422459893,0.05422023
168,1.5486013016335876e-205,0.03943217665615142,0.043448333
169,7.44790009099416e-75,0.41124260355029585,0.25522125
170,7.452291546503112e-167,0.3184584178498986,0.18446067
171,4.4334252801448115e-153,0.35585585585585583,0.13191293
172,1.0,0.3542074363992172,0.31143638
173,1.5261029933749464e-80,0.35585585585585583,0.604393
174,1.1586096752909562e-101,0.3184584178498986,0.4866438
175,6.772519309408733e-95,0.41124260355029585,0.23635443
176,3.062441354902967e-112,0.41124260355029585,0.24456535
177,4.838911170066246e-256,0.14705882352941177,0.05591149
178,2.66390280872723e-186,0.42424242424242425,0.24631497
179,3.974248120193197e-268,0.3184584178498986,0.10769326
180,3.722775762639717e-235,0.2608695652173913,0.086210735
181,5.908582114410166e-90,0.14705882352941177,0.29446018
182,1.1025468559339982e-201,0.10773480662983426,0.04176867
183,1.5537797191386743e-257,0.03943217665615142,0.01748358
184,1.2781815593716786e-144,0.42424242424242425,0.3867285
185,0.9885100799835387,0.0481283422459893,0.057939425
186,3.684772077196743e-78,0.14705882352941177,0.52911764
187,2.4883159896060614e-14,0.3542074363992172,0.14512947
188,5.1107383408945504e-08,0.23129251700680273,0.34958562
189,4.371930869139691e-88,0.3184584178498986,0.2204812
190,1.7380478180500445e-76,0.23129251700680273,0.24879134
191,7.915145424696468e-11,0.01466275659824047,0.063700706
192,0.9999958482721056,0.3542074363992172,0.4031142
193,6.898830084830167e-141,0.08661417322834646,0.19864811
194,1.0,0.23129251700680273,0.42380953
195,7.119664064823384e-129,0.3184584178498986,0.37117916
196,8.229186556875768e-09,0.3542074363992172,0.20591961
197,1.0,0.3542074363992172,0.5402378
198,0.7615558761772195,0.35585585585585583,0.100538194
199,0.012544445801107326,0.01466275659824047,0.05717287
200,6.196081837716069e-90,0.3945945945945946,0.1461674
201,3.409803938969502e-119,0.40869565217391307,0.35800162
202,1.0163408921468014e-169,0.03943217665615142,0.070565075
203,1.5119814805159445e-115,0.08661417322834646,0.09030002
204,4.3550410813498857e-190,0.3184584178498986,0.19520481
205,1.3319562679077228e-129,0.08661417322834646,0.056260794
206,1.0,0.3945945945945946,0.8198156
207,2.276011077644517e-58,0.23129251700680273,0.72069
208,0.0015973978691281605,0.41124260355029585,0.43666613
209,4.9286369857245476e-204,0.10773480662983426,0.048919838
210,8.348399697869235e-133,0.23129251700680273,0.24999508
211,2.8144979404287955e-138,0.23129251700680273,0.10824388
212,3.8441639943970875e-115,0.41124260355029585,0.34897208
213,3.2437718007909996e-26,0.23129251700680273,0.138169
214,0.0,0.14705882352941177,0.22873819
215,5.691033402640636e-89,0.3542074363992172,0.31095693
216,2.375829750124204e-43,0.40869565217391307,0.3304065
217,5.047967595537378e-106,0.6274509803921569,0.5459615
218,8.442746371814868e-173,0.03943217665615142,0.022826524
219,2.1255349713989998e-96,0.3542074363992172,0.5736836
220,0.9999999995555253,0.23129251700680273,0.4386026
221,9.403211202552557e-151,0.6274509803921569,0.57678664
222,6.59835962324572e-165,0.3184584178498986,0.46129587
223,4.694079887278778e-09,0.23129251700680273,0.15194517
224,0.9999722905970185,0.3542074363992172,0.15509954
225,1.0677924711641321e-243,0.35585585585585583,0.098627515
226,4.586510000651664e-59,0.40869565217391307,0.26561394
227,3.899497262159891e-167,0.42424242424242425,0.5592799
228,3.3539153355929546e-11,0.5375,0.5610968
229,3.343864572880512e-142,0.08661417322834646,0.04195137
230,1.2817095397988622e-17,0.5375,0.28240147
231,3.0968199610623105e-162,0.41124260355029585,0.320208
232,0.9999782051164192,0.01466275659824047,0.06680766
233,1.3294694748749215e-129,0.41124260355029585,0.39980966
234,4.2501505023324124e-150,0.3184584178498986,0.34650925
235,1.1611837083065283e-06,0.5375,0.3859017
236,0.21536147258359473,0.3945945945945946,0.6174146
237,6.69308496698061e-12,0.10773480662983426,0.100374736
238,6.199614621716808e-48,0.3542074363992172,0.4987773
239,1.6990787787021365e-180,0.03943217665615142,0.025040284
240,4.93315953992831e-07,0.23129251700680273,0.17731094
241,0.9999999399293377,0.6274509803921569,0.83744705
242,1.4921823679920133e-233,0.03943217665615142,0.1747227
243,6.511926671741046e-127,0.14705882352941177,0.20291428
244,1.2182311676430228e-126,0.23129251700680273,0.23434578
245,6.29250042201041e-83,0.08661417322834646,0.10436782
246,0.9999897450146847,0.3542074363992172,0.4992229
247,2.6034184390412465e-167,0.03943217665615142,0.020284576
248,1.9044161786459322e-75,0.6274509803921569,0.44082886
249,2.316868016551999e-147,0.23129251700680273,0.10599358
250,8.464494032129551e-137,0.3184584178498986,0.5235472
251,1.1800621859041344e-95,0.3184584178498986,0.30556294
252,2.425009685507316e-228,0.6274509803921569,0.38668627
253,2.9085075702268517e-109,0.41124260355029585,0.6881328
254,9.909699444911444e-81,0.23129251700680273,0.090830736
255,1.0,0.8611111111111112,0.2109532
256,2.3083683947050198e-181,0.14705882352941177,0.38158736
257,0.9999999842716278,0.23129251700680273,0.4348855
258,4.588934101535497e-49,0.01466275659824047,0.04377675
259,4.765784979258669e-155,0.6274509803921569,0.59039336
260,5.661298119947865e-53,0.7522935779816514,0.7052121
261,2.642316156829196e-67,0.3184584178498986,0.22172603
262,7.223335652209691e-56,0.8611111111111112,0.73973566
263,1.0292129171822422e-96,0.09803921568627451,0.055690493
264,1.7972939985241355e-162,0.08661417322834646,0.11685628
265,0.0,0.03943217665615142,0.19304432
266,8.188875975123354e-178,0.2608695652173913,0.16223988
267,1.0094669604726093e-143,0.35585585585585583,0.10857131
268,8.951243800116523e-97,0.3184584178498986,0.5685938
269,4.899830591523517e-44,0.3542074363992172,0.17514013
270,6.2607576472261085e-78,0.3542074363992172,0.4942662
271,1.2258566658605663e-65,0.42424242424242425,0.40421394
272,1.5020183674422603e-32,0.10773480662983426,0.11955503
273,3.9295701006120484e-281,0.03943217665615142,0.030934434
274,7.572058022376444e-210,0.03943217665615142,0.07518645
275,0.9974032238794996,0.35585585585585583,0.5759582
276,2.2825857490776147e-149,0.23129251700680273,0.2595695
277,2.452137545931736e-258,0.03943217665615142,0.10453288
278,7.069249627933114e-29,0.3542074363992172,0.4492625
279,2.0213677177325666e-308,0.10773480662983426,0.07815952
280,1.8295767776111513e-50,0.23129251700680273,0.12516467
281,2.814086800504727e-134,0.3184584178498986,0.36868605
282,5.168043409307431e-65,0.23129251700680273,0.15883173
283,1.111127902689156e-236,0.03943217665615142,0.14389758
284,1.2502514614171695e-97,0.23129251700680273,0.122185536
285,1.0,0.3945945945945946,0.45955825
286,0.0,0.03943217665615142,0.043146692
287,4.2166538722132623e-178,0.03943217665615142,0.032335714
288,2.2845627956843558e-129,0.0481283422459893,0.07649862
289,9.231405556182256e-86,0.35585585585585583,0.66228
290,9.36006875008337e-140,0.42424242424242425,0.43998325
291,0.9999902956131865,0.3542074363992172,0.428735
292,1.2925130608714262e-123,0.03943217665615142,0.03525206
293,5.724777954175521e-93,0.23129251700680273,0.15842424
294,1.0,0.3945945945945946,0.7784933
295,2.6087588473153298e-137,0.14705882352941177,0.058663085
296,1.4305546601452565e-107,0.42424242424242425,0.20392087
297,5.296389130627474e-113,0.01466275659824047,0.060535453
298,2.7589826546408273e-110,0.41124260355029585,0.39100167
299,2.4685831904848308e-226,0.03943217665615142,0.03948679
300,5.324382080395564e-142,0.42424242424242425,0.34185448
301,9.575957898111193e-180,0.2608695652173913,0.12491738
302,4.188198762683219e-72,0.0481283422459893,0.0661693
303,5.20252182993386e-260,0.03943217665615142,0.052388467
304,3.443162634239335e-71,0.23129251700680273,0.16471273
305,1.3985227017867875e-16,0.0481283422459893,0.028957961
306,1.4904479060340805e-18,0.42424242424242425,0.18745959
307,4.298902084326524e-94,0.01466275659824047,0.036712974
308,5.1945602007169646e-145,0.23129251700680273,0.16109997
309,0.9976268221697695,0.10773480662983426,0.6411124
310,6.733587073091652e-47,0.42424242424242425,0.11837279
311,0.0,0.03943217665615142,0.027436234
312,3.2372789125415406e-89,0.3945945945945946,0.5457538
313,3.75521492725158e-51,0.3542074363992172,0.62333035
314,8.043143046716882e-145,0.01466275659824047,0.11412051
315,7.576069328581676e-129,0.3184584178498986,0.3333564
316,1.468477278615057e-147,0.01466275659824047,0.021714449
317,5.815312992096181e-167,0.40869565217391307,0.22450905
318,1.0,0.23129251700680273,0.5852672
319,2.6167139257686248e-79,0.42424242424242425,0.47476658
320,0.9999999999999949,0.8611111111111112,0.81777704
321,2.681790116352857e-92,0.01466275659824047,0.029532757
322,0.9999859208403638,0.3542074363992172,0.27621907
323,2.9225072584810786e-111,0.35585585585585583,0.08341933
324,3.2277148829191013e-75,0.41124260355029585,0.3358203
325,2.9492255556597714e-83,0.3945945945945946,0.36827022
326,1.5938630496138204e-135,0.3184584178498986,0.49495217
327,1.7456610655185322e-213,0.42424242424242425,0.28631407
328,0.0,0.03943217665615142,0.027219765
329,4.091397775608169e-127,0.01466275659824047,0.0151038
330,9.357603163838122e-73,0.3184584178498986,0.34620836
331,3.036658911676389e-271,0.03943217665615142,0.028092692
332,4.1915188679772907e-47,0.10773480662983426,0.038591485
333,4.541220920583476e-145,0.3184584178498986,0.15875594
334,4.7543147419347286e-136,0.10773480662983426,0.19965726
335,1.4940967751642713e-270,0.03943217665615142,0.017257271
336,5.3231960840453e-118,0.41124260355029585,0.14877737
337,1.2609525250559997e-159,0.23129251700680273,0.06892133
338,1.0,0.09803921568627451,0.18746139
339,1.0,0.09803921568627451,0.070439905
340,5.110358659183428e-108,0.01466275659824047,0.06900017
341,1.01394451573285e-47,0.35585585585585583,0.118297204
342,7.921535501925032e-37,0.10773480662983426,0.14923216
343,0.9999999999714497,0.41124260355029585,0.47527492
344,0.9999779948401271,0.35585585585585583,0.655477
345,1.1827781830153863e-161,0.23129251700680273,0.07792947
346,4.679332825089e-153,0.14705882352941177,0.24918789
347,0.9999963043392395,0.3542074363992172,0.36472616
348,8.035998138034653e-273,0.14035087719298245,0.09967012
349,0.9999980829352116,0.3542074363992172,0.37184614
350,7.16483728606773e-142,0.35585585585585583,0.21354419
351,3.448310856990783e-110,0.7522935779816514,0.87975657
352,1.4412200154025524e-216,0.10773480662983426,0.020978177
353,1.6239237119009583e-37,0.3542074363992172,0.39527753
354,8.973852916073727e-125,0.01466275659824047,0.047290303
355,4.3656211362382205e-125,0.0481283422459893,0.0144029055
356,1.0,0.01466275659824047,0.042072278
357,1.7305371975474657e-128,0.14705882352941177,0.55196244
358,1.3114783904405256e-187,0.10773480662983426,0.042652562
359,0.9999999438010074,0.5375,0.6068647
360,1.0,0.23129251700680273,0.5129298
361,1.1138652897228213e-105,0.23129251700680273,0.1028582
362,1.0,0.6274509803921569,0.84611315
363,0.08032019478329794,0.01466275659824047,0.050021287
364,6.74807071349366e-38,0.42424242424242425,0.18594266
365,3.478474108337547e-169,0.3184584178498986,0.12133709
366,9.141359716676891e-106,0.42424242424242425,0.6177581
367,0.9999999999998883,0.5375,0.79014283
368,1.4160914924410917e-124,0.3184584178498986,0.18498246
369,9.046928569580046e-05,0.3542074363992172,0.18883765
370,1.9895379484999968e-92,0.41124260355029585,0.38576272
371,1.0,0.3542074363992172,0.7024324
372,2.9854746235645194e-117,0.42424242424242425,0.6386367
373,2.024748574364696e-23,0.35585585585585583,0.121403694
374,3.594600465079382e-59,0.3542074363992172,0.5377174
375,2.152750125256645e-123,0.14705882352941177,0.14363506
376,0.9999999929246788,0.5375,0.67460763
377,7.198919318734297e-117,0.08661417322834646,0.06760831
378,2.5803581761314273e-98,0.14705882352941177,0.22203279
379,1.454017216343032e-215,0.03943217665615142,0.09748542
380,0.9999999999999858,0.10773480662983426,0.4310727
381,6.838366281715509e-06,0.01466275659824047,0.057014946
382,1.7233759851164703e-10,0.6274509803921569,0.7479111
383,1.4582244077335058e-135,0.3184584178498986,0.4575378
384,4.7384516052176046e-55,0.0481283422459893,0.07368621
385,5.189419852820935e-100,0.42424242424242425,0.39708734
386,7.055542488271366e-87,0.23129251700680273,0.17816295
387,7.129458273700421e-138,0.3184584178498986,0.2344466
388,1.1909433230583687e-21,0.08661417322834646,0.10893758
389,1.737154925868676e-275,0.3184584178498986,0.36270368
390,1.6980055991505309e-09,0.42424242424242425,0.5861015
391,2.4851155690628563e-91,0.40869565217391307,0.19813927
392,1.1521374660916587e-05,0.08661417322834646,0.09965271
393,4.323596235522889e-139,0.03943217665615142,0.15777704
394,1.6430356615030378e-93,0.14705882352941177,0.3088037
395,6.574645428988887e-95,0.14705882352941177,0.14339775
396,9.97909724142742e-108,0.01466275659824047,0.016954431
397,1.58599696296312e-144,0.14705882352941177,0.10278796
398,1.276499046075615e-21,0.10773480662983426,0.13017008
399,1.1751022644156014e-127,0.41124260355029585,0.17275064
400,2.523452040225143e-198,0.42424242424242425,0.41765416
401,2.7857128623589503e-176,0.08661417322834646,0.04162455
402,6.983974078272825e-245,0.03943217665615142,0.094993904
403,2.2597722677320233e-09,0.08661417322834646,0.22545667
404,3.8521943074126345e-94,0.0481283422459893,0.040090065
405,4.4126909607537155e-39,0.10773480662983426,0.09949905
406,1.6304504389148353e-189,0.03943217665615142,0.02549434
407,0.0,0.03943217665615142,0.06685939
408,1.0,0.0481283422459893,0.081332035
409,0.9992723369951395,0.3542074363992172,0.40899587
410,1.2459263998031767e-59,0.5375,0.69858855
411,0.0,0.03943217665615142,0.041171473
412,0.9997943764235541,0.3542074363992172,0.3387211
413,1.265508284474777e-06,0.7522935779816514,0.90412605
414,7.648725525256587e-16,0.10773480662983426,0.5208496
415,1.0,0.3542074363992172,0.124722235
416,1.0,0.35585585585585583,0.23348375
417,7.145504182097918e-154,0.0481283422459893,0.03969331
418,5.113948969509517e-283,0.03943217665615142,0.048194516
419,0.999972346974511,0.41124260355029585,0.5248507
420,1.0448519875312494e-21,0.08661417322834646,0.049345016
421,1.986721716213907e-56,0.3542074363992172,0.48857158
422,2.0083405409742242e-164,0.14035087719298245,0.2502823
423,8.742573576539159e-72,0.3542074363992172,0.32399264
424,1.0837603164753428e-32,0.3542074363992172,0.25621933
425,6.121258651231099e-71,0.23129251700680273,0.3514589
426,1.206136033634902e-93,0.14705882352941177,0.42159283
427,2.2715441169843744e-145,0.42424242424242425,0.08977348
428,0.9967182369511486,0.35585585585585583,0.8707684
429,4.792668086178256e-77,0.41124260355029585,0.2465155
430,6.670503538310786e-91,0.3184584178498986,0.66735727
431,1.881758605399994e-44,0.08661417322834646,0.08505334
432,9.391535111677525e-145,0.08661417322834646,0.0784259
433,1.9783638649129033e-172,0.03943217665615142,0.08349186
434,4.941735395806636e-126,0.01466275659824047,0.018673765
435,0.9996886584811646,0.01466275659824047,0.09309224
436,4.844180338297055e-215,0.3184584178498986,0.27870017
437,0.9872467557104422,0.3542074363992172,0.23939162
438,6.253503364136575e-73,0.0481283422459893,0.16958714
439,0.9999999999995532,0.7522935779816514,0.6411626
440,4.079645416795188e-142,0.23129251700680273,0.12814377
441,1.0,0.3542074363992172,0.8186818
442,4.552331874612698e-233,0.03943217665615142,0.06757056
443,2.5474576585008097e-160,0.08661417322834646,0.04679634
444,1.5636567293334133e-52,0.08661417322834646,0.09326953
445,1.3715346690190594e-103,0.0481283422459893,0.12878974
446,1.0,0.35585585585585583,0.87098336
447,1.0,0.35585585585585583,0.2781479
448,8.124686145389841e-105,0.40869565217391307,0.31408104
449,3.107743195377769e-08,0.3542074363992172,0.11582689
450,3.3660147740894647e-128,0.01466275659824047,0.009823398
451,3.669896739627297e-101,0.6274509803921569,0.51798445
452,5.170190469283433e-48,0.3542074363992172,0.5192412
453,5.383068378926419e-107,0.6274509803921569,0.46362734
454,2.471128655745114e-135,0.40869565217391307,0.2179737
455,1.0,0.23129251700680273,0.61088187
456,0.9999991568009545,0.35585585585585583,0.52716136
457,8.950755211988777e-22,0.3542074363992172,0.16926862
458,1.904739725328465e-145,0.3184584178498986,0.37377444
459,8.319411355846645e-07,0.10773480662983426,0.1314418
460,3.6127575924204745e-99,0.3945945945945946,0.32776248
461,7.100192903802944e-144,0.3184584178498986,0.40833402
462,6.185564606488775e-126,0.7522935779816514,0.6006871
463,0.0,0.42424242424242425,0.27867332
464,2.5692225733694846e-36,0.35585585585585583,0.11965587
465,2.021172406770047e-108,0.42424242424242425,0.36960557
466,1.1873749255243003e-103,0.0481283422459893,0.024486424
467,4.7895294108569366e-242,0.35585585585585583,0.046249956
468,0.9999999999999731,0.3945945945945946,0.40040797
469,0.004915113601903385,0.0481283422459893,0.046360493
470,1.217417329058818e-196,0.14035087719298245,0.054884627
471,4.098097020306394e-97,0.7522935779816514,0.89563876
472,2.381233979007365e-98,0.23129251700680273,0.16813263
473,3.0468002018792593e-297,0.14705882352941177,0.19460389
474,7.145254133145414e-111,0.23129251700680273,0.107663415
475,3.826162419371099e-187,0.03943217665615142,0.1682324
476,6.447938585910381e-79,0.7522935779816514,0.8640856
477,1.0673169894182356e-102,0.23129251700680273,0.17799589
478,1.1568041158797268e-117,0.08661417322834646,0.0392127
479,9.618617464991779e-131,0.42424242424242425,0.6257701
480,2.254566528161656e-12,0.0481283422459893,0.05547601
481,1.1574405226878741e-185,0.3184584178498986,0.15682678
482,4.910891892793689e-121,0.42424242424242425,0.7383129
483,3.679213537431407e-120,0.41124260355029585,0.232511
484,1.5445434101844812e-218,0.42424242424242425,0.3379135
485,5.700572787625865e-68,0.3542074363992172,0.30451402
486,0.9999918005816198,0.09803921568627451,0.08179352
487,2.0107007281834543e-210,0.125,0.063085146
488,3.6028982379940016e-195,0.42424242424242425,0.40503213
489,1.2539273582991887e-211,0.3184584178498986,0.54451704
490,5.242878878872872e-171,0.03943217665615142,0.24887292
491,1.2867613864603842e-92,0.3184584178498986,0.259352
492,1.0500136813930934e-148,0.41124260355029585,0.11758057
493,1.0,0.5375,0.7954598
494,1.079028253160222e-126,0.3184584178498986,0.24927117
495,2.7488485958986257e-195,0.03943217665615142,0.10751881
496,0.01473828030373183,0.3945945945945946,0.22641926
497,2.9731779052701825e-205,0.03943217665615142,0.029303014
498,1.2589544837036462e-88,0.08661417322834646,0.11761449
499,0.3331840508049565,0.42424242424242425,0.33906046
500,3.818783178470317e-94,0.3184584178498986,0.40893978
501,1.9110201268364377e-31,0.3542074363992172,0.3624064
502,2.702191226767774e-181,0.10773480662983426,0.12499818
503,3.490486759742644e-07,0.08661417322834646,0.3501072
504,9.308545615241632e-109,0.3184584178498986,0.3740381
505,5.491613430871128e-97,0.3184584178498986,0.46320653
506,2.67065184635089e-98,0.3945945945945946,0.14089073
507,1.7352342521230625e-37,0.3542074363992172,0.5913968
508,0.9999999997871836,0.5375,0.60025454
509,0.05807600678260871,0.01466275659824047,0.054429103
510,2.0657925032953507e-87,0.3184584178498986,0.45722687
511,1.0,0.35585585585585583,0.170088
512,1.8717683340447256e-162,0.42424242424242425,0.41728812
513,2.6137102550085954e-246,0.2608695652173913,0.028008403
514,0.0,0.2608695652173913,0.1563923
515,2.6947264349120447e-90,0.41124260355029585,0.58278185
516,1.7479792126969477e-221,0.03943217665615142,0.023177667
517,1.0,0.40869565217391307,0.3814014
518,4.6691771652180225e-104,0.0481283422459893,0.05873498
519,2.228717803588858e-106,0.01466275659824047,0.027290449
520,1.9644854939300478e-107,0.3945945945945946,0.21876723
521,2.070942362704421e-70,0.3542074363992172,0.33077312
522,1.0,0.0481283422459893,0.1321536
523,3.21053619772866e-74,0.01466275659824047,0.061531816
524,5.843791811744388e-107,0.6274509803921569,0.35480753
525,2.7896502244857407e-245,0.03943217665615142,0.052289724
526,2.4745608801900054e-73,0.41124260355029585,0.4778627
527,6.66319233434809e-14,0.41124260355029585,0.3222546
528,1.5874563651522543e-85,0.3542074363992172,0.16120645
529,2.9994373032911124e-71,0.3945945945945946,0.12890668
530,1.4569431977917787e-236,0.14035087719298245,0.08032864
531,4.680656522143609e-204,0.3184584178498986,0.25338328
532,3.8446459815436165e-09,0.0481283422459893,0.07667123
533,9.790787843214547e-43,0.01466275659824047,0.033949643
534,3.040840040387654e-140,0.40869565217391307,0.17314929
535,4.518241282331647e-120,0.3184584178498986,0.3058788
536,0.9999906559876931,0.5375,0.58505994
537,1.4496675550272961e-133,0.35585585585585583,0.08187967
538,8.899960278013962e-191,0.10773480662983426,0.07944812
539,6.159942598176822e-85,0.3184584178498986,0.3019398
540,0.9999614466042079,0.0481283422459893,0.055260565
541,1.1925747738736156e-112,0.0481283422459893,0.044046197
542,4.995856461374772e-228,0.03943217665615142,0.025665853
543,9.854826180912036e-170,0.03943217665615142,0.04987805
544,4.1903951979817176e-78,0.0481283422459893,0.102387354
545,6.075737589796183e-147,0.08661417322834646,0.10736178
546,1.0,0.3542074363992172,0.6898962
547,2.6370433529852817e-86,0.0481283422459893,0.09489671
548,9.142777634850706e-122,0.08661417322834646,0.04578023
549,1.3310587908854257e-239,0.03943217665615142,0.020507965
550,1.1821848515763133e-141,0.23129251700680273,0.14556898
551,0.7757233007575083,0.0481283422459893,0.053355563
552,1.0,0.0481283422459893,0.06905647
553,1.4993591586860416e-129,0.08661417322834646,0.07070895
554,6.750581951674985e-12,0.3542074363992172,0.66848505
555,0.998389138197356,0.35585585585585583,0.4405126
556,1.0944483186560603e-129,0.23129251700680273,0.06904849
557,1.4310509949064974e-73,0.3945945945945946,0.15495795
558,1.1734680564581957e-153,0.42424242424242425,0.154816
559,8.056116217485473e-153,0.03943217665615142,0.13593493
560,0.999861025365349,0.3542074363992172,0.38981846
561,1.6332757644506881e-93,0.6274509803921569,0.74785507
562,2.362858468001449e-40,0.23129251700680273,0.23995055
563,2.438407577311763e-64,0.3542074363992172,0.5376425
564,5.873160813936046e-144,0.23129251700680273,0.11869139
565,8.39055567285604e-19,0.5375,0.3148703
566,1.5114077614419498e-152,0.42424242424242425,0.7004338
567,0.92713503262767,0.0481283422459893,0.18394807
568,1.3795468173722373e-05,0.0481283422459893,0.115777194
569,1.0,0.3542074363992172,0.5529148
570,2.7855550385044056e-148,0.41124260355029585,0.62588084
571,2.563118957949491e-185,0.10773480662983426,0.10134543
572,1.5803477901699703e-59,0.23129251700680273,0.3307283
573,1.7018843101875028e-118,0.42424242424242425,0.14540108
574,3.0911155858630147e-66,0.40869565217391307,0.42644903
575,2.4644673138700568e-116,0.35585585585585583,0.48975408
576,4.290377191546807e-121,0.14705882352941177,0.45581818
577,3.662525161083845e-05,0.5375,0.47552514
578,3.546279558747103e-64,0.3542074363992172,0.56732786
579,4.2617194013587836e-23,0.3542074363992172,0.59009
580,6.071344698340477e-23,0.3542074363992172,0.24616393
581,3.5183996313636625e-42,0.42424242424242425,0.19537662
582,3.5345508334072134e-105,0.42424242424242425,0.19098625
583,0.9999999999724447,0.3542074363992172,0.0992583
584,0.9999999695836201,0.6274509803921569,0.5006928
585,0.9997489030806234,0.42424242424242425,0.54491246
586,2.2633543146746037e-172,0.3184584178498986,0.28232107
587,0.9999999804076539,0.0481283422459893,0.055712625
588,1.1970633470673575e-226,0.42424242424242425,0.24544422
589,6.237059282668238e-113,0.0481283422459893,0.023855623
590,9.113462364340261e-115,0.3184584178498986,0.40411168
591,0.999812255487352,0.41124260355029585,0.75381577
592,8.027189835478174e-178,0.14705882352941177,0.36316004
593,3.9391898081582796e-56,0.3542074363992172,0.21161045
594,0.9756739699857869,0.42424242424242425,0.40199807
595,2.856798629429608e-122,0.23129251700680273,0.046706717
596,1.0,0.35585585585585583,0.2554297
597,5.978559346442109e-117,0.08661417322834646,0.06729662
598,1.606750001674926e-60,0.41124260355029585,0.1624881
599,1.6378248216729102e-199,0.35585585585585583,0.31492263
600,5.53727406357985e-34,0.3542074363992172,0.2602236
601,2.433766823567398e-89,0.41124260355029585,0.24118236
602,2.169417633183907e-185,0.41124260355029585,0.059015602
603,1.0,0.8611111111111112,0.7531745
604,3.8782530246737475e-164,0.42424242424242425,0.4977841
605,9.30199260005145e-21,0.35585585585585583,0.5711163
606,2.0328277429697772e-64,0.0481283422459893,0.053967256
607,3.6671060169215456e-203,0.10773480662983426,0.028262237
608,4.1271221294360075e-102,0.41124260355029585,0.40249324
609,5.46432446886352e-42,0.10773480662983426,0.043522026
610,1.1249038299984778e-166,0.14035087719298245,0.061000135
611,4.49973510596656e-143,0.03943217665615142,0.22722955
612,1.4749969275399146e-90,0.08661417322834646,0.12787572
613,1.9090234264939303e-29,0.0481283422459893,0.039549682
614,6.227481197716629e-213,0.42424242424242425,0.32873744
615,7.606094676023255e-107,0.42424242424242425,0.33910203
616,6.952758697479897e-18,0.0481283422459893,0.05514043
617,2.2155501413459447e-102,0.09803921568627451,0.07371571
618,6.383413809917498e-21,0.5375,0.52056664
619,1.3142002121885563e-06,0.23129251700680273,0.27846047
620,1.0,0.0481283422459893,0.10474632
621,0.9999999999838185,0.35585585585585583,0.5185908
622,4.4320097833020107e-73,0.3184584178498986,0.33940265
623,1.0,0.3542074363992172,0.33147886
624,7.50076115749991e-32,0.3542074363992172,0.5367467
625,2.4065169145118005e-65,0.08661417322834646,0.20244566
626,1.4938507447251879e-115,0.3184584178498986,0.5453411
627,0.9999999999999991,0.42424242424242425,0.6796258
628,1.0778204464237473e-245,0.03943217665615142,0.0550731
629,1.5213720807449067e-179,0.03943217665615142,0.035465464
630,1.1922363337517764e-18,0.10773480662983426,0.08964045
631,3.251955964221901e-150,0.23129251700680273,0.0723604
632,2.4345904568340156e-104,0.0481283422459893,0.04813285
633,7.56587327497364e-150,0.01466275659824047,0.11447684
634,0.0,0.3184584178498986,0.19791888
635,8.222483330044052e-222,0.14035087719298245,0.25098333
636,1.8571992509173458e-59,0.40869565217391307,0.15872216
637,6.5106326355712195e-77,0.3184584178498986,0.3749103
638,0.9999982374511234,0.35585585585585583,0.39157706
639,9.006011722379213e-65,0.09803921568627451,0.056714088
640,1.4701271222763447e-249,0.10773480662983426,0.01444251
641,4.010895037870572e-83,0.3184584178498986,0.43179467
642,8.11938020839321e-34,0.42424242424242425,0.6377735
643,3.5698423543813776e-116,0.42424242424242425,0.7526597
644,3.785468787519744e-61,0.3542074363992172,0.5705645
645,0.741591255967032,0.10773480662983426,0.114952
646,2.4977627388287537e-06,0.6274509803921569,0.57342345
647,2.1446503862943896e-137,0.0481283422459893,0.053453825
648,2.1525707161660214e-05,0.42424242424242425,0.8019731
649,1.2389062616494854e-29,0.10773480662983426,0.10703144
650,2.893543977619544e-220,0.03943217665615142,0.12099504
651,1.0,0.35585585585585583,0.54689926
652,2.1540809710400455e-156,0.23129251700680273,0.14835435
653,3.4325566564929665e-10,0.5375,0.3381077
654,1.9356490323093303e-224,0.125,0.10408144
655,0.4758571689081803,0.5375,0.4652892
656,2.6345279995816436e-186,0.03943217665615142,0.060939424
657,1.2760501067725277e-181,0.01466275659824047,0.031481523
658,2.2550922505795423e-219,0.03943217665615142,0.03125756
659,0.00033753938432829725,0.42424242424242425,0.54820335
660,1.0,0.5375,0.8628598
661,3.51652873993826e-116,0.3184584178498986,0.48678198
662,1.0139916949927279e-57,0.3542074363992172,0.41902253
663,1.8747531514705427e-200,0.14035087719298245,0.13616554
664,4.195669206185657e-94,0.01466275659824047,0.026170585
665,5.78600717382475e-116,0.3184584178498986,0.348972
666,8.237274600224376e-148,0.42424242424242425,0.40050548
667,1.1445184482948526e-69,0.35585585585585583,0.16528864
668,3.452875621551802e-192,0.14035087719298245,0.18615024
669,1.397781267125508e-184,0.35585585585585583,0.03679982
670,1.1384701337305889e-63,0.5375,0.5145853
671,3.043342845858926e-101,0.41124260355029585,0.30197138
672,0.014503574113284965,0.5375,0.5607732
673,4.8436075282974755e-172,0.03943217665615142,0.055946592
674,1.164613312655297e-169,0.03943217665615142,0.12865123
675,1.4098141798397185e-21,0.10773480662983426,0.1386643
676,2.6020718318828236e-202,0.10773480662983426,0.039489537
677,1.9911067227006995e-193,0.23129251700680273,0.06319406
678,0.9999999999998721,0.0481283422459893,0.08877855
679,2.4652994533558237e-64,0.3542074363992172,0.42439127
680,0.9999999871774269,0.0481283422459893,0.06430899
681,1.5558380982001273e-186,0.03943217665615142,0.045781117
682,3.31548770630223e-123,0.42424242424242425,0.6945252
683,5.634855621845272e-221,0.03943217665615142,0.013613521
684,2.1019662387172176e-82,0.08661417322834646,0.032582626
685,0.9999999999994778,0.5375,0.21112369
686,2.172584975880255e-285,0.03943217665615142,0.060086273
687,0.9999993403521515,0.42424242424242425,0.61081356
688,1.2931820981858468e-110,0.08661417322834646,0.10218091
689,2.0102359578114033e-177,0.08661417322834646,0.02765327
690,1.6306638758915607e-108,0.23129251700680273,0.23509064
691,2.9299597462400655e-75,0.09803921568627451,0.035417784
692,4.799345491464642e-70,0.7522935779816514,0.72682655
693,9.074763921753976e-72,0.40869565217391307,0.44550416
694,1.914892185317464e-28,0.41124260355029585,0.19644901
695,0.9999999941115065,0.3542074363992172,0.27797556
696,9.029220760434252e-119,0.3184584178498986,0.28448826
697,5.832285074472285e-197,0.3184584178498986,0.13474227
698,5.267510290674041e-20,0.10773480662983426,0.04155772
699,1.5457623857483213e-36,0.10773480662983426,0.040712297
700,4.387627363322468e-212,0.03943217665615142,0.07315208
701,2.777412326380845e-254,0.42424242424242425,0.13881156
702,1.0,0.3945945945945946,0.76435757
703,3.406115702883935e-271,0.03943217665615142,0.017317362
704,9.905292541239795e-95,0.41124260355029585,0.31360376
705,7.144580152078038e-35,0.8611111111111112,0.7948119
706,6.88841895972247e-67,0.7522935779816514,0.65384454
707,1.1755338040018903e-85,0.42424242424242425,0.54669785
708,2.7466038753981052e-263,0.2608695652173913,0.1331699
709,8.45331648627474e-104,0.42424242424242425,0.44643167
710,3.998440886976943e-94,0.41124260355029585,0.28997707
711,7.593237557942138e-54,0.7522935779816514,0.8522515
712,5.551609316710016e-169,0.23129251700680273,0.06538728
713,6.699989351534474e-16,0.3542074363992172,0.13760278
714,5.054122405241775e-135,0.42424242424242425,0.48870113
715,2.527605119784977e-13,0.3542074363992172,0.21774642
716,9.46138782649488e-81,0.3945945945945946,0.17677112
717,2.308424919942321e-31,0.10773480662983426,0.06363322
718,2.646392025229157e-27,0.23129251700680273,0.33004254
719,0.9999999999970399,0.01466275659824047,0.051407058
720,3.9342097832098314e-190,0.3184584178498986,0.25734586
721,0.9955844330187213,0.3542074363992172,0.5121886
722,1.7578952687666792e-82,0.23129251700680273,0.3906207
723,4.695971051878991e-33,0.10773480662983426,0.03602093
724,1.5792568494341526e-12,0.5375,0.76365274
725,5.5726740739927355e-176,0.03943217665615142,0.21066666
726,0.7421838810463114,0.3945945945945946,0.29244927
727,5.6038528909304004e-37,0.10773480662983426,0.1262467
728,3.5317487523405944e-05,0.3542074363992172,0.6144031
729,1.0469601052428255e-79,0.42424242424242425,0.44867033
730,4.35714155533203e-99,0.41124260355029585,0.46522227
731,1.5101115657266174e-61,0.0481283422459893,0.08048373
732,1.4465701618354944e-54,0.42424242424242425,0.49682206
733,9.635326453245956e-83,0.3184584178498986,0.1402627
734,8.064313716528489e-80,0.3542074363992172,0.26005384
735,1.0,0.3542074363992172,0.08563426
736,5.488901669020927e-57,0.23129251700680273,0.34379718
737,1.5806209401609824e-123,0.01466275659824047,0.046904437
738,5.289304815452521e-12,0.6274509803921569,0.5372267
739,1.75381941992151e-132,0.01466275659824047,0.024668813
740,1.213283253461116e-53,0.3542074363992172,0.31290492
741,8.687136266244661e-98,0.3184584178498986,0.24249794
742,7.383188776168024e-158,0.14705882352941177,0.060229037
743,1.0,0.3945945945945946,0.34785515
744,0.767678311469423,0.01466275659824047,0.06503134
745,3.153488378289904e-91,0.08661417322834646,0.044796772
746,5.963802371795603e-206,0.3184584178498986,0.6499128
747,1.0,0.35585585585585583,0.4753748
748,0.4004516358537942,0.8611111111111112,0.7100057
749,1.0,0.41124260355029585,0.47670585
750,8.981559862867452e-95,0.09803921568627451,0.07817762
751,2.7682644888299357e-92,0.08661417322834646,0.14719774
752,2.0410702749892718e-78,0.42424242424242425,0.42598304
753,1.0592553907470855e-28,0.01466275659824047,0.096682236
754,6.899781667529455e-74,0.41124260355029585,0.3714913
755,0.0,0.125,0.24682848
756,7.862490162521596e-17,0.42424242424242425,0.31634167
757,0.48574417566183425,0.01466275659824047,0.035678033
758,2.618321199290541e-17,0.3542074363992172,0.4136515
759,0.9997788508325586,0.3542074363992172,0.29491886
760,4.783211637411662e-33,0.5375,0.66421235
761,1.0,0.40869565217391307,0.5013571
762,6.448240635821273e-165,0.3184584178498986,0.22682877
763,1.385752997098187e-89,0.3184584178498986,0.62986964
764,9.300205958681665e-140,0.23129251700680273,0.17240353
765,1.974010602583757e-127,0.41124260355029585,0.31260815
766,3.2533800510542116e-102,0.23129251700680273,0.13051088
767,0.9999999959309729,0.35585585585585583,0.4295919
768,3.610651695996165e-189,0.10773480662983426,0.17215802
769,1.8670181300741317e-62,0.40869565217391307,0.07925042
770,4.40754364569631e-91,0.08661417322834646,0.041457716
771,1.8853318733759725e-63,0.3542074363992172,0.40493667
772,2.61441589066176e-206,0.03943217665615142,0.04897599
773,1.1068828729529098e-110,0.6274509803921569,0.54519534
774,6.038527968557319e-156,0.3184584178498986,0.33016157
775,1.535647542534709e-152,0.03943217665615142,0.021085756
776,4.614307341560661e-129,0.42424242424242425,0.48491672
777,0.9998490852821434,0.41124260355029585,0.31613415
778,0.00619392440235967,0.42424242424242425,0.7833596
779,1.966837899125043e-66,0.41124260355029585,0.80807674
780,1.0,0.3542074363992172,0.6827336
781,2.0138329410160722e-14,0.35585585585585583,0.09342544
782,5.607304770600145e-157,0.14035087719298245,0.06707547
783,8.396627655136114e-20,0.35585585585585583,0.16840816
784,7.760608518301006e-277,0.42424242424242425,0.15160285
785,1.1230651351574485e-55,0.0481283422459893,0.15386367
786,4.988158247353321e-206,0.03943217665615142,0.11115862
787,8.14376690680467e-43,0.23129251700680273,0.10309817
788,0.9999999968524362,0.23129251700680273,0.46606517
789,0.9196186014658086,0.0481283422459893,0.06003483
790,9.347826444575639e-28,0.5375,0.7874435
791,2.4050084219466394e-152,0.42424242424242425,0.49544102
792,1.0,0.3945945945945946,0.6753122
793,0.9999999924241824,0.3542074363992172,0.58382696
794,1.0,0.6274509803921569,0.65288854
795,2.009333657133527e-54,0.01466275659824047,0.059919808
796,5.808513996075324e-174,0.42424242424242425,0.45158297
797,0.9999988837253366,0.10773480662983426,0.07253017
798,1.305028397729245e-113,0.3184584178498986,0.21569443
799,1.3052126574060594e-13,0.0481283422459893,0.06352636
800,8.717135866934117e-123,0.42424242424242425,0.3682831
801,0.9999940995887351,0.5375,0.619818
802,1.8682361242910794e-130,0.41124260355029585,0.14507905
803,1.0014812214561785e-89,0.42424242424242425,0.5659208
804,1.499779868846993e-41,0.35585585585585583,0.06694639
805,3.2216632087103667e-66,0.3945945945945946,0.2141495
806,1.4009699084816316e-124,0.42424242424242425,0.24758361
807,5.866336849842129e-209,0.03943217665615142,0.019941784
808,1.4476887594628678e-78,0.3945945945945946,0.6296381
809,1.0,0.0481283422459893,0.1806791
810,3.2511249786941207e-05,0.42424242424242425,0.66122484
811,1.0766660909044721e-48,0.35585585585585583,0.16450368
812,3.4075180643693976e-10,0.01466275659824047,0.041952983
813,2.835496273705509e-85,0.0481283422459893,0.03991517
814,1.0,0.40869565217391307,0.51218504
815,1.233131567339463e-163,0.23129251700680273,0.08119934
816,1.0,0.3542074363992172,0.45521262
817,0.07106260208127294,0.42424242424242425,0.5734759
818,5.653280885768523e-163,0.03943217665615142,0.08433206
819,4.9550347738893296e-14,0.3542074363992172,0.31762314
820,3.702855351758147e-87,0.3542074363992172,0.41202062
821,0.0016075599316168318,0.42424242424242425,0.79629207
822,1.8830656167835894e-08,0.01466275659824047,0.025213994
823,2.442898453462165e-194,0.125,0.11781284
824,2.8682811631373902e-142,0.3184584178498986,0.32468864
825,2.735748881144792e-88,0.0481283422459893,0.028099142
826,4.0443616799971626e-67,0.23129251700680273,0.13536434
827,5.244300920959746e-209,0.14035087719298245,0.07973636
828,2.395502292094857e-49,0.23129251700680273,0.3962037
829,9.334820641898179e-12,0.5375,0.23294613
830,3.395190222624762e-121,0.41124260355029585,0.21590652
831,1.4300146005004104e-74,0.0481283422459893,0.076206736
832,1.4763055370883215e-30,0.3542074363992172,0.31790134
833,1.0,0.6274509803921569,0.6632919
834,7.753903589209528e-157,0.08661417322834646,0.032478634
835,3.4084623409621016e-131,0.23129251700680273,0.096342936
836,1.7614504405777334e-107,0.23129251700680273,0.5132261
837,8.95983604831462e-121,0.14035087719298245,0.26416597
838,1.6836677105466951e-196,0.10773480662983426,0.35136333
839,0.9999999999971039,0.23129251700680273,0.31043735
840,2.64253123496488e-208,0.3945945945945946,0.04557805
841,1.3368625997330916e-27,0.5375,0.1547343
842,0.9999999869029506,0.3542074363992172,0.38441265
843,0.9999999769885052,0.6274509803921569,0.75054747
844,1.9442683183601485e-84,0.23129251700680273,0.22376017
845,4.9469492335989775e-120,0.3184584178498986,0.21320269
846,3.7665767088288594e-166,0.03943217665615142,0.23690996
847,3.017981264827419e-288,0.10773480662983426,0.011423141
848,5.3300560453992115e-198,0.3184584178498986,0.15696612
849,1.0,0.42424242424242425,0.77404803
850,8.960473388694051e-94,0.42424242424242425,0.44306192
851,7.003381657344997e-36,0.40869565217391307,0.20582296
852,0.9999999999999998,0.23129251700680273,0.46270856
853,0.9924022811858241,0.09803921568627451,0.06982235
854,2.7112209720068045e-29,0.5375,0.14191331
855,3.529622221576724e-269,0.3184584178498986,0.20259853
856,5.27999444501972e-18,0.7522935779816514,0.52117586
857,4.946797453139681e-217,0.03943217665615142,0.03428079
858,6.4871462670574374e-155,0.08661417322834646,0.042009804
859,2.1545096641176195e-118,0.42424242424242425,0.16868438
860,0.15624159219705366,0.42424242424242425,0.82740736
861,1.9310253526923043e-97,0.01466275659824047,0.044454943
862,3.9271230476879076e-199,0.6274509803921569,0.4499994
863,5.766975542754248e-79,0.0481283422459893,0.05656826
864,2.9004233193798713e-87,0.0481283422459893,0.084132515
865,1.0,0.09803921568627451,0.205328
866,2.082657695071507e-186,0.14705882352941177,0.10514571
867,9.657055516867374e-193,0.10773480662983426,0.11004708
868,1.906294293154786e-44,0.10773480662983426,0.048979852
869,3.691077197902383e-05,0.35585585585585583,0.17370364
870,7.676202754779363e-78,0.42424242424242425,0.5151405
871,7.878343528116492e-141,0.6274509803921569,0.66071033
872,2.735154699905437e-227,0.35585585585585583,0.14035346
873,0.00010548997625850445,0.7522935779816514,0.8133022
874,7.151056909806273e-143,0.01466275659824047,0.2299846
875,1.2740323081333483e-83,0.41124260355029585,0.4370718
876,9.684176629303718e-139,0.41124260355029585,0.5448941
877,0.9999999989020127,0.42424242424242425,0.789799
878,1.0,0.6274509803921569,0.69959867
879,3.157782892709492e-159,0.14705882352941177,0.14739878
880,5.712563275201231e-150,0.3184584178498986,0.21481661
881,0.9987812772256108,0.41124260355029585,0.31779057
882,4.551585066848134e-220,0.03943217665615142,0.0177697
883,6.0135209035079305e-05,0.08661417322834646,0.09222982
884,1.2470966109936332e-122,0.14705882352941177,0.041032404
885,1.1283266250861673e-98,0.3184584178498986,0.2369035
886,9.291405447177505e-38,0.10773480662983426,0.16113095
887,1.9649722981690896e-221,0.10773480662983426,0.050409652
888,1.0,0.40869565217391307,0.48512295
889,5.562602972058745e-172,0.10773480662983426,0.15818456
890,3.325436788859338e-144,0.41124260355029585,0.3397743
891,1.6458455817010536e-144,0.42424242424242425,0.45986867
892,9.920001808656434e-106,0.01466275659824047,0.03023319
893,0.9999975113507441,0.3542074363992172,0.53545636
894,8.240222881374e-90,0.7522935779816514,0.52172774
895,1.079198094041585e-109,0.42424242424242425,0.529546
896,0.0,0.42424242424242425,0.13387495
897,1.1174333785072788e-30,0.3945945945945946,0.09535711
898,9.005889629510649e-269,0.03943217665615142,0.07196989
899,9.836562032638349e-17,0.23129251700680273,0.24865453
900,1.0,0.6274509803921569,0.87143135
901,1.0,0.3542074363992172,0.26819533
902,4.501475544181571e-267,0.7522935779816514,0.5050111
903,0.9847316566404312,0.35585585585585583,0.84778327
904,0.9999999630915763,0.0481283422459893,0.17709325
905,4.1690352470136416e-76,0.01466275659824047,0.044189204
906,1.4928210658597174e-25,0.42424242424242425,0.4168291
907,3.9470394901209886e-147,0.23129251700680273,0.11003022
908,0.9999999841018423,0.42424242424242425,0.49074152
909,0.9999999999996965,0.40869565217391307,0.37059134
910,1.494348723090087e-100,0.0481283422459893,0.07921756
911,0.0,0.03943217665615142,0.21685825
912,2.3618789738563466e-10,0.01466275659824047,0.045199096
913,1.0,0.6274509803921569,0.44861054
914,1.0588572550469046e-12,0.3542074363992172,0.25626668
915,4.5586120744146745e-43,0.3542074363992172,0.14453867
916,1.5063858227544051e-142,0.41124260355029585,0.2647116
917,2.634911640698037e-41,0.3542074363992172,0.22761755
918,0.00035281958144040384,0.0481283422459893,0.27100897
919,4.945901479964505e-64,0.01466275659824047,0.046734296
920,0.095626275803063,0.35585585585585583,0.07872875
921,0.0,0.14705882352941177,0.7014149
922,1.117509116266881e-171,0.03943217665615142,0.03219561
923,1.639519115305157e-126,0.3184584178498986,0.23842983
924,1.2470984377462366e-114,0.01466275659824047,0.054310236
925,1.9986871822513818e-250,0.10773480662983426,0.07846792
926,7.116798956623553e-174,0.125,0.031262144
927,7.95422286944545e-83,0.3184584178498986,0.49860936
928,6.044544512972922e-122,0.125,0.18058363
929,1.5362970148229298e-59,0.35585585585585583,0.07759798
930,7.993678881672289e-185,0.23129251700680273,0.09684645
931,1.8066185284028352e-108,0.41124260355029585,0.30995753
932,1.0,0.8611111111111112,0.711297
933,1.3855967411060704e-43,0.3542074363992172,0.41470665
934,3.242645842466567e-50,0.0481283422459893,0.08394609
935,1.0964120617498448e-155,0.01466275659824047,0.03124474
936,7.920257660841323e-150,0.40869565217391307,0.046578437
937,1.0,0.0481283422459893,0.35193196
938,8.690189053748406e-128,0.42424242424242425,0.48890612
939,9.39398310643985e-304,0.3184584178498986,0.18058309
940,1.1523811126280087e-68,0.23129251700680273,0.22154029
941,1.758400539265764e-27,0.23129251700680273,0.27103513
942,0.9998710959270358,0.42424242424242425,0.42157114
943,1.697382384803461e-57,0.10773480662983426,0.014223369
944,1.3645109270058826e-153,0.01466275659824047,0.018411499
945,0.0,0.03943217665615142,0.02025293
946,0.9999999999984199,0.3542074363992172,0.8473028
947,1.2994863245846862e-153,0.35585585585585583,0.14571482
948,3.6389099710805663e-16,0.01466275659824047,0.03011938
949,7.36397401807007e-75,0.3542074363992172,0.33992836
950,2.811272133456197e-129,0.01466275659824047,0.026748555
951,2.9670575266436896e-10,0.10773480662983426,0.045875583
952,9.419962901222054e-187,0.3184584178498986,0.16233866
953,2.2832508043325325e-246,0.3184584178498986,0.16281985
954,1.264351562362549e-123,0.7522935779816514,0.6742086
955,4.493593596399277e-09,0.41124260355029585,0.2847084
956,8.708176111347447e-168,0.03943217665615142,0.027233392
957,0.0,0.03943217665615142,0.053549655
958,1.4965167065997273e-95,0.0481283422459893,0.052169237
959,4.784317348467015e-221,0.35585585585585583,0.76973754
960,1.7885867180430546e-204,0.03943217665615142,0.022854598
961,0.03755045716212739,0.35585585585585583,0.07904912
962,0.0,0.03943217665615142,0.051997807
963,1.0730121221010285e-109,0.42424242424242425,0.49493146
964,2.1744466993593858e-86,0.23129251700680273,0.20132901
965,8.362090388765233e-141,0.14705882352941177,0.14182356
966,2.9688447349296427e-228,0.03943217665615142,0.023329692
967,1.0180605847481913e-127,0.41124260355029585,0.34878436
968,4.0060661360778717e-140,0.0481283422459893,0.06260334
969,1.8211898273383593e-171,0.42424242424242425,0.44024324
970,6.4140417157155376e-229,0.10773480662983426,0.031008024
971,8.151707731166457e-60,0.41124260355029585,0.39194736
972,5.988564768295433e-224,0.42424242424242425,0.11883696
973,1.9702153118948022e-29,0.40869565217391307,0.28993422
974,9.777271398123814e-34,0.3945945945945946,0.1762288
975,4.99639536267041e-131,0.14705882352941177,0.10513242
976,4.0438553775264016e-88,0.0481283422459893,0.039572302
977,7.488709640777679e-38,0.42424242424242425,0.33801138
978,7.059782064532398e-271,0.10773480662983426,0.062172394
979,2.860436999500303e-98,0.41124260355029585,0.30243936
980,1.1661304244296962e-64,0.8611111111111112,0.29892233
981,7.650814801627188e-42,0.3542074363992172,0.55923855
982,0.0,0.42424242424242425,0.25484407
983,1.0525309743377405e-167,0.14705882352941177,0.20770441
984,1.988991189383387e-68,0.35585585585585583,0.1916635
985,9.60261069850252e-111,0.42424242424242425,0.7024041
986,1.0177564606910341e-15,0.41124260355029585,0.21542239
987,2.1734629741118692e-24,0.10773480662983426,0.17721282
988,0.9999999999909872,0.3542074363992172,0.559591
989,7.774922814828225e-140,0.01466275659824047,0.017515972
990,0.9999999995661133,0.08661417322834646,0.39830312
991,5.590159717632709e-262,0.42424242424242425,0.19305828
992,2.648231473797466e-66,0.23129251700680273,0.22030374
993,0.9999999999999689,0.6274509803921569,0.6989419
994,1.5825191896798904e-97,0.0481283422459893,0.056046333
995,1.0,0.09803921568627451,0.08019554
996,1.6053604818057745e-274,0.03943217665615142,0.08375405
997,0.0,0.10773480662983426,0.024625385
998,2.0517942363165606e-187,0.10773480662983426,0.111862935
999,1.4570271669650186e-129,0.42424242424242425,0.4802389
1000,1.0,0.3945945945945946,0.68887824
1001,8.399550721224373e-11,0.8611111111111112,0.6600287
1002,1.0,0.35585585585585583,0.13436641
1003,6.932546751902826e-46,0.0481283422459893,0.27354443
1004,2.3413254485973726e-117,0.0481283422459893,0.047427468
1005,4.9949878244517216e-108,0.08661417322834646,0.023270909
1006,3.962033192657321e-259,0.3184584178498986,0.38152966
1007,9.531859366217387e-194,0.03943217665615142,0.09304497
1008,8.42826944102224e-130,0.23129251700680273,0.10402936
1009,1.0,0.35585585585585583,0.61545324
1010,3.8378845307634266e-305,0.03943217665615142,0.04739924
1011,1.768642138505321e-52,0.01466275659824047,0.099934846
1012,1.0458041951908873e-60,0.23129251700680273,0.15378782
1013,0.0,0.10773480662983426,0.050008714
1014,2.1445839188842694e-245,0.03943217665615142,0.065482005
1015,1.307900501159999e-156,0.3184584178498986,0.22667268
1016,3.1994047031388344e-173,0.03943217665615142,0.066215314
1017,1.7068246018218037e-101,0.41124260355029585,0.06990395
1018,4.2367672271152774e-19,0.3542074363992172,0.30706996
1019,1.5208924339576954e-121,0.23129251700680273,0.15213172
1020,2.078673520404963e-235,0.03943217665615142,0.019252054
1021,1.182526224840342e-141,0.41124260355029585,0.3462355
1022,4.7732155278387034e-141,0.3184584178498986,0.32046002
1023,5.545746112816278e-31,0.3542074363992172,0.18277134
1024,0.9999993230052133,0.23129251700680273,0.43353027
1025,0.0,0.03943217665615142,0.10357721
1026,0.9999999010715859,0.23129251700680273,0.13784568
1027,1.0703126462603259e-212,0.03943217665615142,0.025135364
1028,4.512881716160371e-266,0.10773480662983426,0.1109476
1029,3.2876027484600994e-169,0.10773480662983426,0.36139992
1030,9.471254180070986e-209,0.2608695652173913,0.0494205
1031,8.13249164308984e-160,0.42424242424242425,0.15728447
1032,1.5735353066568424e-85,0.6274509803921569,0.6287445
1033,2.0662381960713367e-85,0.3184584178498986,0.20800354
1034,2.4565399984669504e-239,0.42424242424242425,0.2109409
1035,2.2872775229694663e-46,0.09803921568627451,0.118313916
1036,1.4352946276884482e-132,0.01466275659824047,0.024684966
1037,1.0716993984616324e-10,0.10773480662983426,0.066740625
1038,9.55773397402574e-139,0.01466275659824047,0.014239972
1039,1.082090742895585e-169,0.03943217665615142,0.04659608
1040,7.536517537653828e-94,0.35585585585585583,0.61765414
1041,2.018335211737163e-296,0.10773480662983426,0.12086515
1042,2.332522164837246e-152,0.42424242424242425,0.13061082
1043,0.999999238296184,0.3542074363992172,0.30728313
1044,2.0216034796301575e-50,0.3542074363992172,0.77455765
1045,5.620554146273071e-156,0.3184584178498986,0.46850666
1046,7.824126632522833e-125,0.35585585585585583,0.23565836
1047,0.0,0.14705882352941177,0.14974299
1048,1.216038145060206e-146,0.23129251700680273,0.24180505
1049,1.586185865486756e-170,0.3184584178498986,0.22529617
1050,1.8807972904902553e-187,0.6274509803921569,0.27897447
1051,2.3916383186989516e-217,0.2608695652173913,0.06214096
1052,1.386193331272127e-27,0.7522935779816514,0.6117979
1053,1.2956237631565068e-05,0.42424242424242425,0.56250066
1054,0.9903088067351509,0.6274509803921569,0.50577486
1055,5.4429764779937554e-251,0.2608695652173913,0.1707392
1056,1.92386935118251e-175,0.10773480662983426,0.063471206
1057,0.0,0.03943217665615142,0.06978623
1058,1.0,0.40869565217391307,0.3955776
1059,1.0,0.3542074363992172,0.6427297
1060,0.9999999999999998,0.42424242424242425,0.55523
1061,2.6201386343936965e-107,0.01466275659824047,0.08606279
1062,4.1381239006245914e-21,0.3542074363992172,0.5745754
1063,0.9999998692434895,0.0481283422459893,0.15447621
1064,9.456049441471565e-289,0.03943217665615142,0.08105109
1065,2.212490786543089e-62,0.3542074363992172,0.18247226
1066,1.4781001481835705e-128,0.42424242424242425,0.46815562
1067,2.319403981317368e-19,0.3945945945945946,0.16767143
1068,0.9989825209828448,0.10773480662983426,0.19927603
1069,2.5193203384668235e-257,0.03943217665615142,0.07752045
1070,4.454482109844194e-14,0.7522935779816514,0.74038005
1071,1.0,0.3542074363992172,0.6879781
1072,2.3993518922031446e-71,0.3542074363992172,0.49466324
1073,6.105486423087419e-244,0.35585585585585583,0.09912105
1074,6.971391917555539e-67,0.3542074363992172,0.48131377
1075,6.949377949450892e-75,0.23129251700680273,0.11519606
1076,0.9993888031073014,0.41124260355029585,0.76763785
1077,7.495712336035066e-262,0.03943217665615142,0.06674395
1078,3.581165202925378e-19,0.08661417322834646,0.20457217
1079,8.617440364562665e-181,0.01466275659824047,0.053286098
1080,7.71427090725278e-180,0.03943217665615142,0.078080446
1081,4.121280320334309e-140,0.01466275659824047,0.03427485
1082,1.0,0.35585585585585583,0.35766825
1083,7.365368602465362e-157,0.08661417322834646,0.09809069
1084,2.209414419284305e-109,0.0481283422459893,0.015641483
1085,0.9999999999762275,0.5375,0.69235146
1086,3.858467487990875e-106,0.6274509803921569,0.7757659
1087,1.0,0.7522935779816514,0.8287579
1088,1.2398511594628551e-63,0.09803921568627451,0.06431747
1089,4.314098974107565e-44,0.10773480662983426,0.25464025
1090,5.3280237368460345e-22,0.40869565217391307,0.35247728
1091,1.385316096924e-177,0.10773480662983426,0.029835291
1092,0.00012530814577836822,0.23129251700680273,0.2771634
1093,1.4517689585821843e-136,0.01466275659824047,0.02719925
1094,1.4620123401525704e-147,0.03943217665615142,0.060916014
1095,8.305486466781872e-75,0.23129251700680273,0.21636991
1096,7.353569457274891e-143,0.41124260355029585,0.047036543
1097,4.9862753588317e-95,0.40869565217391307,0.47042093
1098,1.4756829764506252e-73,0.08661417322834646,0.16035709
1099,5.1614254553608596e-110,0.14705882352941177,0.10190244
1100,1.0,0.09803921568627451,0.07374171
1101,0.9999999997901257,0.6274509803921569,0.67173713
1102,6.240363823631786e-255,0.03943217665615142,0.036021147
1103,1.5022142376315418e-83,0.35585585585585583,0.42805013
1104,9.14205738962522e-61,0.3542074363992172,0.42089942
1105,5.816110262098739e-31,0.0481283422459893,0.1334756
1106,1.6336659375519914e-05,0.3542074363992172,0.34689367
1107,1.1169996642159149e-287,0.03943217665615142,0.04261093
1108,2.455226919192173e-106,0.6274509803921569,0.5134971
1109,6.260054677182068e-46,0.01466275659824047,0.0664479
1110,3.209169118107129e-27,0.0481283422459893,0.09616795
1111,3.18179932860839e-103,0.0481283422459893,0.01933639
1112,3.8838044683588995e-223,0.03943217665615142,0.12914789
1113,1.0,0.40869565217391307,0.362865
1114,9.387309018739959e-18,0.10773480662983426,0.3145936
1115,1.2156879125971048e-134,0.3184584178498986,0.23958905
1116,3.546806020450344e-193,0.03943217665615142,0.020978952
1117,1.569843381394029e-229,0.10773480662983426,0.02998564
1118,6.541307984033767e-73,0.3542074363992172,0.3984324
1119,1.1970522749799938e-131,0.14705882352941177,0.13789324
1120,1.1286514849276875e-228,0.03943217665615142,0.11493065
1121,8.57654003700921e-206,0.03943217665615142,0.048301086
1122,7.63440527522413e-174,0.3184584178498986,0.3031054
1123,0.9998931227826987,0.23129251700680273,0.20636976
1124,1.0366128425645121e-161,0.03943217665615142,0.023793355
1125,9.377308789686019e-57,0.3542074363992172,0.4980598
1126,1.7924987054124195e-144,0.42424242424242425,0.25848886
1127,4.926057958615981e-05,0.08661417322834646,0.2709901
1128,7.007864379841536e-24,0.10773480662983426,0.061890684
1129,3.432630328319754e-54,0.3542074363992172,0.4417659
1130,4.1643313433303735e-111,0.3184584178498986,0.5272033
1131,8.759994949310596e-159,0.23129251700680273,0.23812996
1132,1.2550025960836304e-42,0.3542074363992172,0.37991554
1133,1.0,0.35585585585585583,0.1846704
1134,5.4128981511969666e-06,0.5375,0.79475474
1135,5.941593992728162e-142,0.41124260355029585,0.1301252
1136,1.3228561985368542e-168,0.14705882352941177,0.067450434
1137,1.0,0.3542074363992172,0.8172495
1138,3.689569980475166e-144,0.23129251700680273,0.20273092
1139,2.6268986447987703e-44,0.01466275659824047,0.068599574
1140,4.46200876710104e-24,0.8611111111111112,0.68570286
1141,1.6291953277210997e-26,0.35585585585585583,0.35923406
1142,1.243905975333346e-218,0.42424242424242425,0.080447376
1143,8.987793069214021e-81,0.01466275659824047,0.09194444
1144,6.034678103842045e-280,0.03943217665615142,0.028291369
1145,1.821745281503839e-101,0.09803921568627451,0.11895927
1146,3.339926970776193e-130,0.3184584178498986,0.39539877
1147,8.045732377843536e-166,0.10773480662983426,0.24211532
1148,2.4697925414110666e-34,0.6274509803921569,0.6068626
1149,5.838474732154613e-45,0.3542074363992172,0.46957594
1150,1.0,0.5375,0.32320347
1151,4.6249635382190625e-74,0.01466275659824047,0.040727563
1152,0.9994804573906357,0.35585585585585583,0.064434916
1153,6.718132727476446e-14,0.42424242424242425,0.44561064
1154,2.7989053107084515e-175,0.42424242424242425,0.2945072
1155,0.9999835924988171,0.01466275659824047,0.034161337
1156,1.0,0.23129251700680273,0.5527794
1157,3.018855511549603e-63,0.35585585585585583,0.061342448
1158,0.99784683821311,0.3542074363992172,0.2731691
1159,1.1158794447471997e-152,0.08661417322834646,0.07481523
1160,5.444721094332535e-120,0.3184584178498986,0.40019435
1161,1.9945355693349877e-180,0.3184584178498986,0.124619246
1162,7.798305358189562e-119,0.42424242424242425,0.6057671
1163,0.9999999998797677,0.3945945945945946,0.442054
1164,4.807633244738754e-192,0.03943217665615142,0.025669562
1165,3.982413568312506e-64,0.3542074363992172,0.4322054
1166,0.9999999999975957,0.23129251700680273,0.44376338
1167,1.75867345239899e-112,0.23129251700680273,0.10294875
1168,5.530118304062437e-140,0.42424242424242425,0.5079359
1169,1.0,0.42424242424242425,0.5697301
1170,0.16461652048614167,0.7522935779816514,0.68825096
1171,2.208703207263608e-223,0.03943217665615142,0.017237082
1172,2.4929165327293684e-104,0.40869565217391307,0.26680425
1173,1.01047422362787e-145,0.3184584178498986,0.52206004
1174,0.9999999360000066,0.08661417322834646,0.18683463
1175,2.4554620921730904e-208,0.03943217665615142,0.027349161
1176,0.9999999999999949,0.08661417322834646,0.3396357
1177,3.6671851015182714e-233,0.125,0.07211442
1178,1.058982120184578e-118,0.3945945945945946,0.17266941
1179,0.21316210048239384,0.3542074363992172,0.5522127
1180,2.710178348850009e-169,0.14035087719298245,0.043683738
1181,0.0,0.03943217665615142,0.04153282
1182,1.0323094411740495e-42,0.3542074363992172,0.40521324
1183,4.831770806321201e-158,0.3184584178498986,0.44401395
1184,2.546569255372434e-166,0.3184584178498986,0.07651348
1185,1.0,0.6274509803921569,0.30009246
1186,0.00823809257378726,0.3945945945945946,0.5177243
1187,0.5349542287177697,0.35585585585585583,0.7429113
1188,5.8371747109723305e-140,0.3184584178498986,0.21391363
1189,1.4573030921534898e-149,0.42424242424242425,0.12895338
1190,2.0192585903080185e-53,0.3542074363992172,0.44536185
1191,0.9999999831092189,0.35585585585585583,0.518386
1192,0.9993641469231828,0.01466275659824047,0.07708936
1193,1.582077951992768e-167,0.03943217665615142,0.039127823
1194,1.4949041808607205e-70,0.6274509803921569,0.47013667
1195,2.8616202593129207e-107,0.41124260355029585,0.22245418
1196,1.9567662238976894e-46,0.35585585585585583,0.03803284
1197,1.0760868875556372e-153,0.23129251700680273,0.24125613
1198,1.822476360436666e-106,0.3184584178498986,0.23102148
1199,8.2327376681644e-257,0.03943217665615142,0.06242943
1200,2.0854593772746273e-248,0.10773480662983426,0.040120307
1201,1.7403068255486024e-155,0.0481283422459893,0.042231817
1202,0.0,0.10773480662983426,0.037342183
1203,8.278820607906508e-173,0.3184584178498986,0.23744051
1204,1.713630864189798e-159,0.08661417322834646,0.021090884
1205,1.661823173567334e-50,0.3945945945945946,0.23062587
1206,6.853763435799936e-138,0.6274509803921569,0.35837683
1207,0.999999864761938,0.01466275659824047,0.058391612
1208,2.1151384744688714e-146,0.14705882352941177,0.1660708
1209,3.9749221103421324e-290,0.42424242424242425,0.30488455
1210,9.710239662831384e-75,0.23129251700680273,0.21459927
1211,7.340356166627262e-104,0.3184584178498986,0.26227713
1212,2.2662425751090685e-17,0.5375,0.29666623
1213,1.0650483464429837e-72,0.3184584178498986,0.24873872
1214,4.8728843196490417e-95,0.14705882352941177,0.3221421
1215,0.00011195381697572384,0.35585585585585583,0.63837093
1216,1.3746436585767196e-59,0.0481283422459893,0.03194199
1217,5.1481115850112796e-33,0.35585585585585583,0.24751629
1218,1.6783617096699128e-97,0.42424242424242425,0.7062818
1219,1.0,0.3542074363992172,0.49599367
1220,2.564441509315988e-283,0.42424242424242425,0.06525279
1221,2.6703385932484392e-166,0.41124260355029585,0.37434918
1222,0.9999999974938174,0.3542074363992172,0.73380816
1223,1.009087772193363e-21,0.09803921568627451,0.099684
1224,1.0211975878361125e-152,0.42424242424242425,0.6025983
1225,5.7058661380447416e-133,0.40869565217391307,0.17884335
1226,1.0,0.6274509803921569,0.6916313
1227,0.9998796507149637,0.35585585585585583,0.7475882
1228,7.062286796855409e-18,0.42424242424242425,0.17109385
1229,6.7711377026887366e-49,0.23129251700680273,0.27160004
1230,1.0427037024193476e-141,0.0481283422459893,0.043877892
1231,3.400692546988847e-182,0.3184584178498986,0.11170192
1232,1.0,0.8611111111111112,0.83449656
1233,1.6803125954049487e-110,0.01466275659824047,0.07897308
1234,1.0,0.3542074363992172,0.71347195
1235,1.0,0.0481283422459893,0.051014602
1236,4.0015426210814293e-134,0.6274509803921569,0.33965045
1237,3.4337683579664216e-100,0.08661417322834646,0.093696766
1238,0.9999999999911044,0.3542074363992172,0.42524865
1239,0.9999999760990356,0.3542074363992172,0.4515952
1240,7.952267515671806e-116,0.23129251700680273,0.17931433
1241,7.315093000589859e-189,0.23129251700680273,0.14979106
1242,1.660357140093979e-10,0.23129251700680273,0.24058227
1243,1.951329350450811e-171,0.41124260355029585,0.13051885
1244,1.5179756355820233e-60,0.23129251700680273,0.28882432
1245,1.1620733930888464e-127,0.0481283422459893,0.031676423
1246,1.5179010024149026e-31,0.35585585585585583,0.4043199
1247,1.246572135985047e-168,0.14705882352941177,0.106147684
1248,9.135503152699056e-158,0.125,0.42756224
1249,1.0541464420260748e-173,0.03943217665615142,0.15165545
1250,1.4420992951525332e-255,0.3184584178498986,0.12996148
1251,8.580192305947984e-198,0.03943217665615142,0.046936583
1252,0.9999999998814988,0.5375,0.38942724
1253,2.5898127454247665e-176,0.41124260355029585,0.42823622
1254,4.2605331353801366e-214,0.03943217665615142,0.009944702
1255,9.778634631857074e-182,0.08661417322834646,0.11912457
1256,2.7829578585838538e-74,0.40869565217391307,0.16600779
1257,3.623862108529551e-66,0.08661417322834646,0.046990525
1258,0.9997806974302745,0.7522935779816514,0.58711094
1259,1.0024818483837235e-63,0.5375,0.67328143
1260,0.9999999981126959,0.5375,0.7479669
1261,3.733265993477938e-207,0.03943217665615142,0.028427556
1262,0.9999995050861907,0.23129251700680273,0.29424834
1263,2.0858539009822534e-94,0.42424242424242425,0.8421952
1264,0.9999658593389658,0.42424242424242425,0.5568415
1265,1.7330542422138242e-54,0.6274509803921569,0.7428317
1266,1.0512167269691799e-194,0.03943217665615142,0.02747927
1267,7.070299161402838e-66,0.23129251700680273,0.2152694
1268,1.0966465768782755e-207,0.10773480662983426,0.042606853
1269,8.58647461940268e-193,0.42424242424242425,0.36674762
1270,1.9935336294968658e-230,0.42424242424242425,0.17637908
1271,9.012606006335149e-248,0.03943217665615142,0.048688352
1272,1.0,0.5375,0.7067862
1273,9.318071375575388e-101,0.14705882352941177,0.22592863
1274,3.1142656799291526e-48,0.41124260355029585,0.34500277
1275,9.620537351851729e-36,0.3542074363992172,0.16253076
1276,5.566494226391042e-52,0.10773480662983426,0.061010048
1277,1.362380972990303e-35,0.01466275659824047,0.035319097
1278,4.385536907908298e-192,0.10773480662983426,0.037649818
1279,2.1070056795559002e-185,0.23129251700680273,0.06737933
1280,1.0,0.35585585585585583,0.1820703
1281,9.726461628749741e-29,0.3542074363992172,0.5158813
1282,1.0,0.3542074363992172,0.6576383
1283,0.999999999999416,0.10773480662983426,0.5911215
1284,0.999999999999954,0.5375,0.83715963
1285,6.379779899267315e-129,0.3184584178498986,0.5642614
1286,0.9999999999889333,0.01466275659824047,0.030585866
1287,4.9327631397470375e-104,0.09803921568627451,0.12856871
1288,2.193374716795442e-43,0.3542074363992172,0.4190108
1289,3.5151130520299954e-184,0.03943217665615142,0.11615893
1290,9.794839156016928e-16,0.8611111111111112,0.7524768
1291,2.8638289343064732e-232,0.03943217665615142,0.045034148
1292,1.707764140544705e-122,0.42424242424242425,0.5361276
1293,4.0386548035172704e-228,0.10773480662983426,0.024181334
1294,4.410477150731464e-85,0.3184584178498986,0.4044772
1295,2.5690517386083366e-165,0.42424242424242425,0.070373885
1296,6.049643049908236e-126,0.7522935779816514,0.4942136
1297,2.9726211440030405e-206,0.03943217665615142,0.020522645
1298,1.0736851615396025e-210,0.41124260355029585,0.27147543
1299,8.25318236347103e-76,0.3542074363992172,0.33833545
1300,1.0,0.23129251700680273,0.2522948
1301,7.412434942772439e-109,0.3945945945945946,0.28608447
1302,2.0048940397186912e-131,0.42424242424242425,0.16083941
1303,2.7168235155159567e-133,0.3945945945945946,0.27588993
1304,9.432378267947957e-103,0.3184584178498986,0.3005314
1305,9.668295175290367e-27,0.35585585585585583,0.24534722
1306,0.999999999998006,0.42424242424242425,0.68004113
1307,0.02436198948056827,0.3542074363992172,0.32265028
1308,4.5183803798767845e-05,0.3542074363992172,0.5143183
1309,1.9523412012334102e-224,0.03943217665615142,0.027110342
1310,2.98900989124339e-158,0.03943217665615142,0.030875705
1311,4.191452536251554e-36,0.40869565217391307,0.27443054
1312,3.101817045475297e-145,0.08661417322834646,0.08450196
1313,1.0,0.23129251700680273,0.25779182
1314,1.4904075920964834e-158,0.10773480662983426,0.035129547
1315,0.9999999999999911,0.5375,0.8063944
1316,2.8615006471794263e-235,0.3184584178498986,0.10158774
1317,4.26841853317475e-235,0.03943217665615142,0.05072255
1318,3.5821852713280574e-133,0.01466275659824047,0.037444882
1319,1.673272986945961e-67,0.23129251700680273,0.29002467
1320,3.576403307773644e-162,0.10773480662983426,0.11034774
1321,1.0,0.0481283422459893,0.124009885
1322,5.489632547625396e-98,0.41124260355029585,0.26268274
1323,1.6843035936091015e-71,0.41124260355029585,0.40928546
1324,0.9993286856792957,0.35585585585585583,0.16611606
1325,0.9996937214529481,0.35585585585585583,0.15413117
1326,2.3334278955828138e-114,0.23129251700680273,0.10112827
1327,1.334229095380255e-26,0.3542074363992172,0.57429534
1328,1.4809739134616124e-28,0.01466275659824047,0.066986024
1329,6.355521410891045e-58,0.08661417322834646,0.08554059
1330,2.6742370820847707e-96,0.3184584178498986,0.6055292
1331,1.0733938739935337e-156,0.41124260355029585,0.3286744
1332,4.181541199236193e-119,0.14705882352941177,0.22474225
1333,4.423927756791976e-07,0.35585585585585583,0.4952789
1334,3.728122089958185e-201,0.03943217665615142,0.054572046
1335,1.171323588435509e-128,0.08661417322834646,0.08680823
1336,2.7734284155801602e-198,0.10773480662983426,0.09802736
1337,6.057484953202901e-170,0.42424242424242425,0.28318885
1338,6.599348532237225e-226,0.03943217665615142,0.20592251
1339,3.8688337439220106e-218,0.14035087719298245,0.20715305
1340,7.179360625785983e-198,0.03943217665615142,0.015910558
1341,1.3794124416467298e-103,0.3184584178498986,0.30497235
1342,0.9999998706554333,0.42424242424242425,0.62098515
1343,7.47130842531882e-91,0.41124260355029585,0.31450772
1344,3.2967884535922984e-116,0.08661417322834646,0.040224444
1345,1.1256121426845419e-116,0.3184584178498986,0.39094946
1346,1.904241791279577e-118,0.35585585585585583,0.55853814
1347,4.3769555392958144e-23,0.3542074363992172,0.32519677
1348,2.127295636013617e-217,0.03943217665615142,0.08095604
1349,2.7064218492899912e-126,0.42424242424242425,0.32581347
1350,4.531231728948333e-205,0.3184584178498986,0.39402357
1351,3.652393846667681e-122,0.3184584178498986,0.2589755
1352,9.336330314341438e-27,0.01466275659824047,0.068333164
1353,0.0,0.42424242424242425,0.2837554
1354,3.4043493299108295e-08,0.0481283422459893,0.038997266
1355,1.0,0.3945945945945946,0.8389504
1356,6.294269912074889e-139,0.41124260355029585,0.47541127
1357,4.762140057677629e-34,0.23129251700680273,0.21197948
1358,3.61672456174431e-168,0.42424242424242425,0.4189016
1359,1.0,0.5375,0.41991398
1360,7.05067179310418e-153,0.10773480662983426,0.40169
1361,3.107471818004031e-118,0.01466275659824047,0.067566246
1362,0.042319674397270725,0.01466275659824047,0.12987827
1363,1.741561511241464e-124,0.7522935779816514,0.36238703
1364,0.9999999993812283,0.3542074363992172,0.4808152
1365,2.9150221981008158e-121,0.08661417322834646,0.08829723
1366,1.2047263831777624e-77,0.41124260355029585,0.29102316
1367,2.3162721685275833e-109,0.3184584178498986,0.17584306
1368,2.685438755645898e-188,0.03943217665615142,0.09516043
1369,1.8957527096004494e-113,0.23129251700680273,0.15955378
1370,0.0,0.10773480662983426,0.093105525
1371,1.0,0.42424242424242425,0.54857117
1372,0.9476363564744448,0.3542074363992172,0.23431893
1373,7.768341912484404e-181,0.23129251700680273,0.0682774
1374,4.8153000467059675e-231,0.14705882352941177,0.036112208
1375,0.9999999996384317,0.01466275659824047,0.1801114
1376,0.0001030760809042987,0.08661417322834646,0.25982356
1377,0.6659428457514475,0.3542074363992172,0.2803268
1378,7.401178194767283e-97,0.08661417322834646,0.061245967
1379,7.199851320242953e-165,0.01466275659824047,0.036423076
1380,3.0579750043942833e-77,0.40869565217391307,0.30861375
1381,8.970128567095898e-26,0.42424242424242425,0.2597626
1382,1.9578334849968117e-77,0.14705882352941177,0.22363412
1383,3.807145122061621e-67,0.40869565217391307,0.45001572
1384,1.7978226772978906e-122,0.01466275659824047,0.020777779
1385,1.406591772859616e-13,0.3542074363992172,0.4120726
1386,3.575814076782597e-111,0.23129251700680273,0.13794692
1387,5.848981137636247e-175,0.3184584178498986,0.08459293
1388,2.5804020956532704e-171,0.14705882352941177,0.10519538
1389,1.7782655137289715e-141,0.03943217665615142,0.14088492
1390,4.873793347805049e-155,0.23129251700680273,0.12157672
1391,4.478080105940814e-137,0.08661417322834646,0.11716132
1392,1.3027337083749422e-185,0.03943217665615142,0.08495661
1393,2.2534050781284553e-110,0.42424242424242425,0.69698405
1394,4.176748490258183e-109,0.0481283422459893,0.06929876
1395,1.0,0.35585585585585583,0.15986082
1396,1.172849563716398e-206,0.3945945945945946,0.053388722
1397,5.281608784312042e-206,0.03943217665615142,0.0663046
1398,8.381735793377842e-143,0.03943217665615142,0.0769523
1399,1.3839722504377467e-223,0.03943217665615142,0.102743044
1400,5.344575050951189e-10,0.35585585585585583,0.056697547
1401,2.9279347885252726e-192,0.3184584178498986,0.19812727
1402,1.6192673537172033e-104,0.08661417322834646,0.13612555
1403,1.6331451877900097e-165,0.41124260355029585,0.23063657
1404,4.698108259397995e-267,0.03943217665615142,0.016918816
1405,2.507393987818008e-96,0.23129251700680273,0.32069668
1406,2.0804762930768948e-37,0.10773480662983426,0.034836795
1407,1.4683476587422252e-28,0.3542074363992172,0.15012625
1408,3.9545807123681054e-113,0.0481283422459893,0.072274916
1409,2.431350525688991e-50,0.01466275659824047,0.024042848
1410,4.7513600455478654e-158,0.3184584178498986,0.2710205
1411,7.924045082487219e-92,0.41124260355029585,0.23099297
1412,6.0774946603203e-81,0.23129251700680273,0.4000687
1413,1.503452041609005e-07,0.23129251700680273,0.20568335
1414,6.8322455110827845e-136,0.14705882352941177,0.07703507
1415,8.932115101366133e-14,0.35585585585585583,0.07061047
1416,3.079934402354371e-14,0.3542074363992172,0.34109
1417,5.353882870142226e-227,0.14705882352941177,0.105565004
1418,7.153692672803627e-76,0.3945945945945946,0.36442524
1419,6.37432377088967e-67,0.35585585585585583,0.11008398
1420,0.9999999986025474,0.01466275659824047,0.047764383
1421,1.0,0.8611111111111112,0.7343797
1422,2.1846482355937092e-116,0.42424242424242425,0.40448353
1423,3.64637768171549e-95,0.3945945945945946,0.16695434
1424,7.007635519734175e-198,0.03943217665615142,0.02756765
1425,4.842884975483585e-128,0.23129251700680273,0.3792027
1426,4.8779193083987954e-120,0.23129251700680273,0.16894501
1427,2.61232259163645e-115,0.14705882352941177,0.07925779
1428,5.975107304829443e-76,0.3945945945945946,0.17601927
1429,0.0,0.42424242424242425,0.5423768
1430,2.6221114702326916e-120,0.23129251700680273,0.06176004
1431,1.103974803386497e-123,0.3184584178498986,0.41592506
1432,1.5360135864071877e-110,0.0481283422459893,0.03815081
1433,5.935218228603007e-71,0.0481283422459893,0.029644258
1434,1.2158412361879563e-158,0.08661417322834646,0.14209688
1435,6.532784918625209e-56,0.3542074363992172,0.5317838
1436,1.1617314788142531e-160,0.3945945945945946,0.087563135
1437,6.666167077397181e-123,0.09803921568627451,0.0783146
1438,1.853966359427189e-124,0.3184584178498986,0.23891807
1439,1.2224540692124779e-52,0.5375,0.28371367
1440,9.151861590215895e-267,0.03943217665615142,0.037052806
1441,5.320256807341098e-18,0.0481283422459893,0.026321212
1442,9.48023833635787e-139,0.14705882352941177,0.1548056
1443,4.305974822853535e-109,0.41124260355029585,0.22575758
1444,0.9999999999999998,0.8611111111111112,0.9069155
1445,1.0,0.3542074363992172,0.5683072
1446,4.302759402434453e-38,0.23129251700680273,0.34588087
1447,3.523678633043576e-234,0.03943217665615142,0.026232606
1448,1.6469337642757756e-131,0.41124260355029585,0.4384864
1449,0.9999999999999967,0.0481283422459893,0.2182034
1450,1.9088921935184742e-85,0.0481283422459893,0.050135065
1451,6.226138422500866e-92,0.3542074363992172,0.17869659
1452,5.623562317866902e-61,0.0481283422459893,0.03370878
1453,8.998762783297051e-166,0.03943217665615142,0.068242714
1454,1.2260602586419458e-132,0.3184584178498986,0.18200123
1455,1.3200054008263512e-184,0.03943217665615142,0.015507651
1456,1.0343858977619003e-119,0.40869565217391307,0.27559277
1457,3.1884380721639233e-158,0.03943217665615142,0.028330354
1458,2.3858059552826366e-22,0.08661417322834646,0.13194317
1459,1.0211206695133381e-74,0.41124260355029585,0.23168957
1460,2.6236675860555247e-170,0.42424242424242425,0.47111174
1461,4.632605856650041e-97,0.42424242424242425,0.4636339
1462,1.5548328315543324e-103,0.3184584178498986,0.6802269
1463,3.491054961425696e-50,0.23129251700680273,0.18183358
1464,9.499675745930059e-239,0.03943217665615142,0.017991252
1465,1.5850405882028872e-237,0.3184584178498986,0.074460275
1466,1.0,0.0481283422459893,0.06283534
1467,7.022666011666885e-291,0.03943217665615142,0.18741083
1468,4.004261865373042e-238,0.03943217665615142,0.06628345
1469,0.0,0.03943217665615142,0.15296772
1470,4.2701452447378105e-32,0.10773480662983426,0.063354984
1471,1.0,0.7522935779816514,0.44539407
1472,3.929533819635563e-15,0.3542074363992172,0.64081067
1473,3.0229587405564185e-60,0.0481283422459893,0.07545868
1474,0.00010738717983082867,0.3542074363992172,0.3142461
1475,1.0091733451934475e-108,0.23129251700680273,0.14850886
1476,2.867460986763546e-31,0.3542074363992172,0.4534024
1477,9.126841353004804e-184,0.41124260355029585,0.14537092
1478,2.314836098094296e-137,0.3184584178498986,0.1777476
1479,0.9999991119020959,0.3945945945945946,0.47162145
1480,1.0342250109791521e-142,0.41124260355029585,0.2316305
1481,2.513760802878089e-109,0.23129251700680273,0.18000971
1482,1.0867989788258261e-69,0.40869565217391307,0.24261677
1483,2.392349737047392e-68,0.40869565217391307,0.360962
1484,1.4415923915246188e-145,0.35585585585585583,0.4206163
1485,4.83047769847936e-94,0.09803921568627451,0.036545493
1486,2.157555225985876e-137,0.01466275659824047,0.05038907
1487,0.00012969640908140978,0.0481283422459893,0.05864557
1488,1.122749665702114e-15,0.23129251700680273,0.5407074
1489,0.9999999999999998,0.35585585585585583,0.7104952
1490,1.2715526989836964e-258,0.03943217665615142,0.07439111
1491,3.4527364302463856e-118,0.41124260355029585,0.28692362
1492,2.0878120565680566e-32,0.42424242424242425,0.38203534
1493,2.532603750972305e-127,0.6274509803921569,0.41917896
1494,4.915872136395727e-134,0.23129251700680273,0.120919086
1495,1.6441072163277067e-164,0.6274509803921569,0.36719692
1496,5.041450640592011e-72,0.14705882352941177,0.343122
1497,1.98381803669788e-118,0.23129251700680273,0.18319848
1498,7.4275328413614435e-96,0.0481283422459893,0.07893462
1499,2.827165348870627e-94,0.6274509803921569,0.4845815
1500,6.925093680509758e-206,0.35585585585585583,0.03197762
1501,1.0722116350741168e-33,0.5375,0.393749
1502,1.4599708072765998e-176,0.42424242424242425,0.57684004
1503,8.242677981699642e-134,0.35585585585585583,0.08217398
1504,3.141704923054198e-34,0.41124260355029585,0.81579226
1505,5.12067170270293e-28,0.3542074363992172,0.486243
1506,5.716411403682527e-180,0.14035087719298245,0.26300853
1507,1.0,0.5375,0.5485451
1508,2.1629623320682796e-174,0.3184584178498986,0.20643324
1509,1.5223493935276753e-20,0.42424242424242425,0.58070886
1510,8.763004051455964e-284,0.03943217665615142,0.05832363
1511,6.005797509337064e-112,0.41124260355029585,0.5305334
1512,2.803357191456749e-96,0.3184584178498986,0.4007721
1513,1.0,0.40869565217391307,0.49288923
1514,1.141091909384293e-23,0.10773480662983426,0.06298558
1515,0.9999999999999294,0.8611111111111112,0.8555764
1516,0.0,0.2608695652173913,0.05342856
1517,5.554168791531508e-245,0.42424242424242425,0.35234898
1518,0.9999999925925873,0.42424242424242425,0.393931
1519,7.311194119222966e-203,0.03943217665615142,0.02792123
1520,0.999999999999974,0.3542074363992172,0.669173
1521,2.9438482518400406e-113,0.42424242424242425,0.35988268
1522,0.0032549237202492537,0.35585585585585583,0.24963251
1523,4.4624400848379516e-111,0.0481283422459893,0.038908213
1524,2.185265725674895e-287,0.3184584178498986,0.14466913
1525,3.5034053262022366e-189,0.3184584178498986,0.3149638
1526,4.544215920512784e-137,0.3184584178498986,0.1662444
1527,5.600843796975622e-216,0.03943217665615142,0.039309103
1528,5.131869951910851e-82,0.23129251700680273,0.22873671
1529,2.3508240894448736e-05,0.10773480662983426,0.18337338
1530,1.0,0.3945945945945946,0.747119
1531,1.0,0.09803921568627451,0.20026326
1532,5.738425798896446e-192,0.3184584178498986,0.10463417
1533,3.7376137339486644e-122,0.0481283422459893,0.04173986
1534,2.6491815935805053e-70,0.0481283422459893,0.07258751
1535,0.028018617492102358,0.3542074363992172,0.49831578
1536,1.0,0.40869565217391307,0.5787998
1537,1.0530601490561136e-126,0.3184584178498986,0.25302675
1538,4.1498910260443804e-129,0.01466275659824047,0.059697483
1539,1.0,0.3542074363992172,0.40862426
1540,6.258477768674254e-85,0.01466275659824047,0.091127805
1541,2.5829939462219117e-155,0.03943217665615142,0.08026305
1542,1.6213912862924335e-216,0.42424242424242425,0.09803526
1543,3.619800160166721e-167,0.42424242424242425,0.51940936
1544,2.6446009881086876e-122,0.01466275659824047,0.029118037
1545,8.63991330675048e-117,0.23129251700680273,0.06475911
1546,1.4888684443340577e-178,0.03943217665615142,0.07191836
1547,1.1706056466884635e-42,0.40869565217391307,0.25482664
1548,5.403674130268641e-110,0.41124260355029585,0.2722738
1549,6.835584525196199e-151,0.10773480662983426,0.24315505
1550,7.539996976113411e-118,0.23129251700680273,0.16549489
1551,4.951625698399985e-92,0.41124260355029585,0.28679833
1552,0.9996813436139409,0.0481283422459893,0.07183694
1553,2.9298287575491886e-27,0.42424242424242425,0.27479476
1554,1.700450549705541e-112,0.08661417322834646,0.072413325
1555,4.4340821797674905e-153,0.125,0.19132522
1556,6.285740672189526e-08,0.08661417322834646,0.20102525
1557,2.994853296795378e-142,0.10773480662983426,0.437629
1558,2.3677641936032443e-122,0.3184584178498986,0.77323425
1559,2.5397505904823763e-85,0.01466275659824047,0.019875478
1560,4.1663502981071024e-126,0.23129251700680273,0.21255226
1561,1.0743028815783877e-122,0.35585585585585583,0.28412914
1562,2.4850216186917244e-101,0.0481283422459893,0.09913695
1563,3.834902787974934e-209,0.03943217665615142,0.066507
1564,1.0,0.35585585585585583,0.68270546
1565,2.1002765549637815e-69,0.23129251700680273,0.20582584
1566,1.0,0.35585585585585583,0.76698565
1567,0.0,0.03943217665615142,0.038883097
1568,6.4553540666556186e-93,0.14705882352941177,0.32064983
1569,7.198016736211257e-26,0.09803921568627451,0.06286358
1570,3.532255100439628e-18,0.23129251700680273,0.21238256
1571,1.6215349878232347e-16,0.5375,0.51510817
1572,1.0832971914721028e-116,0.42424242424242425,0.51916045
1573,7.602743079461952e-183,0.3184584178498986,0.13984452
1574,2.372968510346908e-205,0.10773480662983426,0.030760877
1575,1.470649797232762e-26,0.3542074363992172,0.41179264
1576,0.9999995006114453,0.3542074363992172,0.37536865
1577,2.487861355882598e-55,0.3542074363992172,0.5772513
1578,1.74542902775984e-135,0.3945945945945946,0.23739433
1579,0.9999988598014617,0.3542074363992172,0.5464401
1580,8.661101355513647e-147,0.7522935779816514,0.6686298
1581,1.4055032333610487e-25,0.40869565217391307,0.45556083
1582,3.0730771595244454e-35,0.3542074363992172,0.34813341
1583,6.594815557325774e-57,0.23129251700680273,0.17285107
1584,0.9999999987544548,0.35585585585585583,0.51007414
1585,4.153217049933717e-107,0.41124260355029585,0.4655217
1586,1.0,0.6274509803921569,0.7485375
1587,3.927739568883807e-108,0.41124260355029585,0.076307364
1588,8.019213999749633e-69,0.3542074363992172,0.27031976
1589,1.1761495676508107e-249,0.03943217665615142,0.050242852
1590,7.190010684283676e-29,0.09803921568627451,0.0912519
1591,2.2468226360098963e-111,0.3184584178498986,0.37776196
1592,0.9999978569441982,0.5375,0.4619952
1593,1.3252408525465723e-73,0.6274509803921569,0.7714408
1594,8.080762653081223e-155,0.23129251700680273,0.18132076
1595,4.699172472500453e-161,0.14705882352941177,0.10425887
1596,2.2927985626590207e-144,0.42424242424242425,0.3818655
1597,0.999999999977111,0.5375,0.60210556
1598,7.991018819483543e-163,0.7522935779816514,0.18801837
1599,1.0,0.40869565217391307,0.2770822
1600,8.467240300750002e-153,0.3945945945945946,0.20330487
1601,1.045718538384728e-234,0.2608695652173913,0.120524965
1602,1.3838628910415765e-98,0.09803921568627451,0.05237928
1603,0.0004350242979729443,0.23129251700680273,0.11773625
1604,2.1803105161808568e-203,0.03943217665615142,0.13761353
1605,4.938820616532375e-05,0.35585585585585583,0.15895659
1606,4.203375219116743e-228,0.42424242424242425,0.17753395
1607,4.041644917090008e-251,0.03943217665615142,0.017268758
1608,1.0,0.6274509803921569,0.5187097
1609,1.265528742857621e-63,0.0481283422459893,0.061327294
1610,1.5392952565116285e-271,0.03943217665615142,0.022298153
1611,8.441449851744173e-127,0.41124260355029585,0.18017836
